product,draw_id,draw_date,draw_status,result_json,attributes_json,official_pdf_urls_json,source_url,prize_status,validation_status,validation_warnings_json,fetched_at
bingo18,0184303,2026-09-01,confirmed,"{""digits"":[3,3,1]}","{""data_source"":""xosominhngoc_net_vn"",""has_duplicate"":true,""official_verification_status"":""pending"",""secondary_source_url"":""https://xosominhngoc.net.vn/kqxs-bingo18"",""total"":7,""upstream_claimed_source"":""Vietlott""}",[],https://xosominhngoc.net.vn/kqxs-bingo18,rules_available,valid,[],2026-09-01T01:47:16+00:00
bingo18,0184304,2026-09-01,confirmed,"{""digits"":[2,4,5]}","{""data_source"":""xosominhngoc_net_vn"",""has_duplicate"":false,""official_verification_status"":""pending"",""secondary_source_url"":""https://xosominhngoc.net.vn/kqxs-bingo18"",""total"":11,""upstream_claimed_source"":""Vietlott""}",[],https://xosominhngoc.net.vn/kqxs-bingo18,rules_available,valid,[],2026-09-01T01:47:16+00:00
bingo18,0184305,2026-09-01,confirmed,"{""digits"":[3,4,5]}","{""data_source"":""xosominhngoc_net_vn"",""has_duplicate"":false,""official_verification_status"":""pending"",""secondary_source_url"":""https://xosominhngoc.net.vn/kqxs-bingo18"",""total"":12,""upstream_claimed_source"":""Vietlott""}",[],https://xosominhngoc.net.vn/kqxs-bingo18,rules_available,valid,[],2026-09-01T01:47:16+00:00
bingo18,0184306,2026-09-01,confirmed,"{""digits"":[5,6,6]}","{""data_source"":""xosominhngoc_net_vn"",""has_duplicate"":true,""official_verification_status"":""pending"",""secondary_source_url"":""https://xosominhngoc.net.vn/kqxs-bingo18"",""total"":17,""upstream_claimed_source"":""Vietlott""}",[],https://xosominhngoc.net.vn/kqxs-bingo18,rules_available,valid,[],2026-09-01T01:47:16+00:00
bingo18,0184307,2026-09-01,confirmed,"{""digits"":[5,4,2]}","{""data_source"":""xosominhngoc_net_vn"",""has_duplicate"":false,""official_verification_status"":""pending"",""secondary_source_url"":""https://xosominhngoc.net.vn/kqxs-bingo18"",""total"":11,""upstream_claimed_source"":""Vietlott""}",[],https://xosominhngoc.net.vn/kqxs-bingo18,rules_available,valid,[],2026-09-01T01:47:16+00:00
bingo18,0184308,2026-09-01,confirmed,"{""digits"":[3,6,2]}","{""data_source"":""xosominhngoc_net_vn"",""has_duplicate"":false,""official_verification_status"":""pending"",""secondary_source_url"":""https://xosominhngoc.net.vn/kqxs-bingo18"",""total"":11,""upstream_claimed_source"":""Vietlott""}",[],https://xosominhngoc.net.vn/kqxs-bingo18,rules_available,valid,[],2026-09-01T01:47:16+00:00
bingo18,0184309,2026-09-01,confirmed,"{""digits"":[1,5,4]}","{""data_source"":""xosominhngoc_net_vn"",""has_duplicate"":false,""official_verification_status"":""pending"",""secondary_source_url"":""https://xosominhngoc.net.vn/kqxs-bingo18"",""total"":10,""upstream_claimed_source"":""Vietlott""}",[],https://xosominhngoc.net.vn/kqxs-bingo18,rules_available,valid,[],2026-09-01T01:47:16+00:00
bingo18,0184310,2026-09-01,confirmed,"{""digits"":[3,2,1]}","{""data_source"":""xosominhngoc_net_vn"",""has_duplicate"":false,""official_verification_status"":""pending"",""secondary_source_url"":""https://xosominhngoc.net.vn/kqxs-bingo18"",""total"":6,""upstream_claimed_source"":""Vietlott""}",[],https://xosominhngoc.net.vn/kqxs-bingo18,rules_available,valid,[],2026-09-01T01:47:16+00:00
bingo18,0184311,2026-09-01,confirmed,"{""digits"":[2,1,3]}","{""data_source"":""xosominhngoc_net_vn"",""has_duplicate"":false,""official_verification_status"":""pending"",""secondary_source_url"":""https://xosominhngoc.net.vn/kqxs-bingo18"",""total"":6,""upstream_claimed_source"":""Vietlott""}",[],https://xosominhngoc.net.vn/kqxs-bingo18,rules_available,valid,[],2026-09-01T01:47:16+00:00
bingo18,0184312,2026-09-01,confirmed,"{""digits"":[5,4,4]}","{""data_source"":""xosominhngoc_net_vn"",""has_duplicate"":true,""official_verification_status"":""pending"",""secondary_source_url"":""https://xosominhngoc.net.vn/kqxs-bingo18"",""total"":13,""upstream_claimed_source"":""Vietlott""}",[],https://xosominhngoc.net.vn/kqxs-bingo18,rules_available,valid,[],2026-09-01T01:47:16+00:00
bingo18,0184313,2026-09-01,confirmed,"{""digits"":[3,4,3]}","{""data_source"":""xosominhngoc_net_vn"",""has_duplicate"":true,""official_verification_status"":""pending"",""secondary_source_url"":""https://xosominhngoc.net.vn/kqxs-bingo18"",""total"":10,""upstream_claimed_source"":""Vietlott""}",[],https://xosominhngoc.net.vn/kqxs-bingo18,rules_available,valid,[],2026-09-01T01:47:16+00:00
bingo18,0184314,2026-09-01,confirmed,"{""digits"":[1,6,3]}","{""data_source"":""xosominhngoc_net_vn"",""has_duplicate"":false,""official_verification_status"":""pending"",""secondary_source_url"":""https://xosominhngoc.net.vn/kqxs-bingo18"",""total"":10,""upstream_claimed_source"":""Vietlott""}",[],https://xosominhngoc.net.vn/kqxs-bingo18,rules_available,valid,[],2026-09-01T01:47:16+00:00
bingo18,0184315,2026-09-01,confirmed,"{""digits"":[2,2,5]}","{""data_source"":""xosominhngoc_net_vn"",""has_duplicate"":true,""official_verification_status"":""pending"",""secondary_source_url"":""https://xosominhngoc.net.vn/kqxs-bingo18"",""total"":9,""upstream_claimed_source"":""Vietlott""}",[],https://xosominhngoc.net.vn/kqxs-bingo18,rules_available,valid,[],2026-09-01T01:47:16+00:00
bingo18,0184316,2026-09-01,confirmed,"{""digits"":[2,4,6]}","{""data_source"":""xosominhngoc_net_vn"",""has_duplicate"":false,""official_verification_status"":""pending"",""secondary_source_url"":""https://xosominhngoc.net.vn/kqxs-bingo18"",""total"":12,""upstream_claimed_source"":""Vietlott""}",[],https://xosominhngoc.net.vn/kqxs-bingo18,rules_available,valid,[],2026-09-01T01:47:16+00:00
bingo18,0184317,2026-09-01,confirmed,"{""digits"":[3,2,5]}","{""data_source"":""xosominhngoc_net_vn"",""has_duplicate"":false,""official_verification_status"":""pending"",""secondary_source_url"":""https://xosominhngoc.net.vn/kqxs-bingo18"",""total"":10,""upstream_claimed_source"":""Vietlott""}",[],https://xosominhngoc.net.vn/kqxs-bingo18,rules_available,valid,[],2026-09-01T01:47:16+00:00
bingo18,0184353,2026-09-01,confirmed,"{""digits"":[3,5,4]}","{""data_source"":""xosominhngoc_net_vn"",""has_duplicate"":false,""official_verification_status"":""pending"",""secondary_source_url"":""https://xosominhngoc.net.vn/kqxs-bingo18"",""total"":12,""upstream_claimed_source"":""Vietlott""}",[],https://xosominhngoc.net.vn/kqxs-bingo18,rules_available,valid,[],2026-09-01T06:50:31+00:00
bingo18,0184354,2026-09-01,confirmed,"{""digits"":[5,6,1]}","{""data_source"":""xosominhngoc_net_vn"",""has_duplicate"":false,""official_verification_status"":""pending"",""secondary_source_url"":""https://xosominhngoc.net.vn/kqxs-bingo18"",""total"":12,""upstream_claimed_source"":""Vietlott""}",[],https://xosominhngoc.net.vn/kqxs-bingo18,rules_available,valid,[],2026-09-01T06:50:31+00:00
bingo18,0184355,2026-09-01,confirmed,"{""digits"":[2,4,2]}","{""data_source"":""xosominhngoc_net_vn"",""has_duplicate"":true,""official_verification_status"":""pending"",""secondary_source_url"":""https://xosominhngoc.net.vn/kqxs-bingo18"",""total"":8,""upstream_claimed_source"":""Vietlott""}",[],https://xosominhngoc.net.vn/kqxs-bingo18,rules_available,valid,[],2026-09-01T06:50:31+00:00
bingo18,0184356,2026-09-01,confirmed,"{""digits"":[5,3,3]}","{""data_source"":""xosominhngoc_net_vn"",""has_duplicate"":true,""official_verification_status"":""pending"",""secondary_source_url"":""https://xosominhngoc.net.vn/kqxs-bingo18"",""total"":11,""upstream_claimed_source"":""Vietlott""}",[],https://xosominhngoc.net.vn/kqxs-bingo18,rules_available,valid,[],2026-09-01T06:50:31+00:00
bingo18,0184357,2026-09-01,confirmed,"{""digits"":[1,6,5]}","{""data_source"":""xosominhngoc_net_vn"",""has_duplicate"":false,""official_verification_status"":""pending"",""secondary_source_url"":""https://xosominhngoc.net.vn/kqxs-bingo18"",""total"":12,""upstream_claimed_source"":""Vietlott""}",[],https://xosominhngoc.net.vn/kqxs-bingo18,rules_available,valid,[],2026-09-01T06:50:31+00:00
bingo18,0184358,2026-09-01,confirmed,"{""digits"":[2,2,2]}","{""data_source"":""xosominhngoc_net_vn"",""has_duplicate"":true,""official_verification_status"":""pending"",""secondary_source_url"":""https://xosominhngoc.net.vn/kqxs-bingo18"",""total"":6,""upstream_claimed_source"":""Vietlott""}",[],https://xosominhngoc.net.vn/kqxs-bingo18,rules_available,valid,[],2026-09-01T06:50:31+00:00
bingo18,0184359,2026-09-01,confirmed,"{""digits"":[1,5,1]}","{""data_source"":""xosominhngoc_net_vn"",""has_duplicate"":true,""official_verification_status"":""pending"",""secondary_source_url"":""https://xosominhngoc.net.vn/kqxs-bingo18"",""total"":7,""upstream_claimed_source"":""Vietlott""}",[],https://xosominhngoc.net.vn/kqxs-bingo18,rules_available,valid,[],2026-09-01T06:50:31+00:00
bingo18,0184360,2026-09-01,confirmed,"{""digits"":[3,3,5]}","{""data_source"":""xosominhngoc_net_vn"",""has_duplicate"":true,""official_verification_status"":""pending"",""secondary_source_url"":""https://xosominhngoc.net.vn/kqxs-bingo18"",""total"":11,""upstream_claimed_source"":""Vietlott""}",[],https://xosominhngoc.net.vn/kqxs-bingo18,rules_available,valid,[],2026-09-01T06:50:31+00:00
bingo18,0184361,2026-09-01,confirmed,"{""digits"":[4,5,6]}","{""data_source"":""xosominhngoc_net_vn"",""has_duplicate"":false,""official_verification_status"":""pending"",""secondary_source_url"":""https://xosominhngoc.net.vn/kqxs-bingo18"",""total"":15,""upstream_claimed_source"":""Vietlott""}",[],https://xosominhngoc.net.vn/kqxs-bingo18,rules_available,valid,[],2026-09-01T06:50:31+00:00
bingo18,0184362,2026-09-01,confirmed,"{""digits"":[5,4,4]}","{""data_source"":""xosominhngoc_net_vn"",""has_duplicate"":true,""official_verification_status"":""pending"",""secondary_source_url"":""https://xosominhngoc.net.vn/kqxs-bingo18"",""total"":13,""upstream_claimed_source"":""Vietlott""}",[],https://xosominhngoc.net.vn/kqxs-bingo18,rules_available,valid,[],2026-09-01T06:50:31+00:00
bingo18,0184363,2026-09-01,confirmed,"{""digits"":[3,1,6]}","{""data_source"":""xosominhngoc_net_vn"",""has_duplicate"":false,""official_verification_status"":""pending"",""secondary_source_url"":""https://xosominhngoc.net.vn/kqxs-bingo18"",""total"":10,""upstream_claimed_source"":""Vietlott""}",[],https://xosominhngoc.net.vn/kqxs-bingo18,rules_available,valid,[],2026-09-01T06:50:31+00:00
bingo18,0184364,2026-09-01,confirmed,"{""digits"":[1,3,5]}","{""data_source"":""xosominhngoc_net_vn"",""has_duplicate"":false,""official_verification_status"":""pending"",""secondary_source_url"":""https://xosominhngoc.net.vn/kqxs-bingo18"",""total"":9,""upstream_claimed_source"":""Vietlott""}",[],https://xosominhngoc.net.vn/kqxs-bingo18,rules_available,valid,[],2026-09-01T06:50:31+00:00
bingo18,0184365,2026-09-01,confirmed,"{""digits"":[5,1,2]}","{""data_source"":""xosominhngoc_net_vn"",""has_duplicate"":false,""official_verification_status"":""pending"",""secondary_source_url"":""https://xosominhngoc.net.vn/kqxs-bingo18"",""total"":8,""upstream_claimed_source"":""Vietlott""}",[],https://xosominhngoc.net.vn/kqxs-bingo18,rules_available,valid,[],2026-09-01T06:50:31+00:00
bingo18,0184366,2026-09-01,confirmed,"{""digits"":[6,4,6]}","{""data_source"":""xosominhngoc_net_vn"",""has_duplicate"":true,""official_verification_status"":""pending"",""secondary_source_url"":""https://xosominhngoc.net.vn/kqxs-bingo18"",""total"":16,""upstream_claimed_source"":""Vietlott""}",[],https://xosominhngoc.net.vn/kqxs-bingo18,rules_available,valid,[],2026-09-01T06:50:31+00:00
bingo18,0184367,2026-09-01,confirmed,"{""digits"":[6,5,5]}","{""data_source"":""xosominhngoc_net_vn"",""has_duplicate"":true,""official_verification_status"":""pending"",""secondary_source_url"":""https://xosominhngoc.net.vn/kqxs-bingo18"",""total"":16,""upstream_claimed_source"":""Vietlott""}",[],https://xosominhngoc.net.vn/kqxs-bingo18,rules_available,valid,[],2026-09-01T06:50:31+00:00
bingo18,0184407,2026-09-01,confirmed,"{""digits"":[4,4,4]}","{""data_source"":""xosominhngoc_net_vn"",""has_duplicate"":true,""official_verification_status"":""pending"",""secondary_source_url"":""https://xosominhngoc.net.vn/kqxs-bingo18"",""total"":12,""upstream_claimed_source"":""Vietlott""}",[],https://xosominhngoc.net.vn/kqxs-bingo18,rules_available,valid,[],2026-09-01T12:08:38+00:00
bingo18,0184408,2026-09-01,confirmed,"{""digits"":[5,6,1]}","{""data_source"":""xosominhngoc_net_vn"",""has_duplicate"":false,""official_verification_status"":""pending"",""secondary_source_url"":""https://xosominhngoc.net.vn/kqxs-bingo18"",""total"":12,""upstream_claimed_source"":""Vietlott""}",[],https://xosominhngoc.net.vn/kqxs-bingo18,rules_available,valid,[],2026-09-01T12:08:38+00:00
bingo18,0184409,2026-09-01,confirmed,"{""digits"":[4,1,1]}","{""data_source"":""xosominhngoc_net_vn"",""has_duplicate"":true,""official_verification_status"":""pending"",""secondary_source_url"":""https://xosominhngoc.net.vn/kqxs-bingo18"",""total"":6,""upstream_claimed_source"":""Vietlott""}",[],https://xosominhngoc.net.vn/kqxs-bingo18,rules_available,valid,[],2026-09-01T12:08:38+00:00
bingo18,0184410,2026-09-01,confirmed,"{""digits"":[4,3,5]}","{""data_source"":""xosominhngoc_net_vn"",""has_duplicate"":false,""official_verification_status"":""pending"",""secondary_source_url"":""https://xosominhngoc.net.vn/kqxs-bingo18"",""total"":12,""upstream_claimed_source"":""Vietlott""}",[],https://xosominhngoc.net.vn/kqxs-bingo18,rules_available,valid,[],2026-09-01T12:08:38+00:00
bingo18,0184411,2026-09-01,confirmed,"{""digits"":[2,6,5]}","{""data_source"":""xosominhngoc_net_vn"",""has_duplicate"":false,""official_verification_status"":""pending"",""secondary_source_url"":""https://xosominhngoc.net.vn/kqxs-bingo18"",""total"":13,""upstream_claimed_source"":""Vietlott""}",[],https://xosominhngoc.net.vn/kqxs-bingo18,rules_available,valid,[],2026-09-01T12:08:38+00:00
bingo18,0184412,2026-09-01,confirmed,"{""digits"":[2,5,4]}","{""data_source"":""xosominhngoc_net_vn"",""has_duplicate"":false,""official_verification_status"":""pending"",""secondary_source_url"":""https://xosominhngoc.net.vn/kqxs-bingo18"",""total"":11,""upstream_claimed_source"":""Vietlott""}",[],https://xosominhngoc.net.vn/kqxs-bingo18,rules_available,valid,[],2026-09-01T12:08:38+00:00
bingo18,0184413,2026-09-01,confirmed,"{""digits"":[4,6,1]}","{""data_source"":""xosominhngoc_net_vn"",""has_duplicate"":false,""official_verification_status"":""pending"",""secondary_source_url"":""https://xosominhngoc.net.vn/kqxs-bingo18"",""total"":11,""upstream_claimed_source"":""Vietlott""}",[],https://xosominhngoc.net.vn/kqxs-bingo18,rules_available,valid,[],2026-09-01T12:08:38+00:00
bingo18,0184414,2026-09-01,confirmed,"{""digits"":[1,1,1]}","{""data_source"":""xosominhngoc_net_vn"",""has_duplicate"":true,""official_verification_status"":""pending"",""secondary_source_url"":""https://xosominhngoc.net.vn/kqxs-bingo18"",""total"":3,""upstream_claimed_source"":""Vietlott""}",[],https://xosominhngoc.net.vn/kqxs-bingo18,rules_available,valid,[],2026-09-01T12:08:38+00:00
bingo18,0184415,2026-09-01,confirmed,"{""digits"":[5,2,4]}","{""data_source"":""xosominhngoc_net_vn"",""has_duplicate"":false,""official_verification_status"":""pending"",""secondary_source_url"":""https://xosominhngoc.net.vn/kqxs-bingo18"",""total"":11,""upstream_claimed_source"":""Vietlott""}",[],https://xosominhngoc.net.vn/kqxs-bingo18,rules_available,valid,[],2026-09-01T12:08:38+00:00
bingo18,0184416,2026-09-01,confirmed,"{""digits"":[1,2,6]}","{""data_source"":""xosominhngoc_net_vn"",""has_duplicate"":false,""official_verification_status"":""pending"",""secondary_source_url"":""https://xosominhngoc.net.vn/kqxs-bingo18"",""total"":9,""upstream_claimed_source"":""Vietlott""}",[],https://xosominhngoc.net.vn/kqxs-bingo18,rules_available,valid,[],2026-09-01T12:08:38+00:00
bingo18,0184417,2026-09-01,confirmed,"{""digits"":[6,3,3]}","{""data_source"":""xosominhngoc_net_vn"",""has_duplicate"":true,""official_verification_status"":""pending"",""secondary_source_url"":""https://xosominhngoc.net.vn/kqxs-bingo18"",""total"":12,""upstream_claimed_source"":""Vietlott""}",[],https://xosominhngoc.net.vn/kqxs-bingo18,rules_available,valid,[],2026-09-01T12:08:38+00:00
bingo18,0184418,2026-09-01,confirmed,"{""digits"":[1,1,1]}","{""data_source"":""xosominhngoc_net_vn"",""has_duplicate"":true,""official_verification_status"":""pending"",""secondary_source_url"":""https://xosominhngoc.net.vn/kqxs-bingo18"",""total"":3,""upstream_claimed_source"":""Vietlott""}",[],https://xosominhngoc.net.vn/kqxs-bingo18,rules_available,valid,[],2026-09-01T12:08:38+00:00
bingo18,0184419,2026-09-01,confirmed,"{""digits"":[3,1,2]}","{""data_source"":""xosominhngoc_net_vn"",""has_duplicate"":false,""official_verification_status"":""pending"",""secondary_source_url"":""https://xosominhngoc.net.vn/kqxs-bingo18"",""total"":6,""upstream_claimed_source"":""Vietlott""}",[],https://xosominhngoc.net.vn/kqxs-bingo18,rules_available,valid,[],2026-09-01T12:08:38+00:00
bingo18,0184420,2026-09-01,confirmed,"{""digits"":[6,2,2]}","{""data_source"":""xosominhngoc_net_vn"",""has_duplicate"":true,""official_verification_status"":""pending"",""secondary_source_url"":""https://xosominhngoc.net.vn/kqxs-bingo18"",""total"":10,""upstream_claimed_source"":""Vietlott""}",[],https://xosominhngoc.net.vn/kqxs-bingo18,rules_available,valid,[],2026-09-01T12:08:38+00:00
bingo18,0184421,2026-09-01,confirmed,"{""digits"":[5,4,2]}","{""data_source"":""xosominhngoc_net_vn"",""has_duplicate"":false,""official_verification_status"":""pending"",""secondary_source_url"":""https://xosominhngoc.net.vn/kqxs-bingo18"",""total"":11,""upstream_claimed_source"":""Vietlott""}",[],https://xosominhngoc.net.vn/kqxs-bingo18,rules_available,valid,[],2026-09-01T12:08:38+00:00
bingo18,0184435,2026-09-01,confirmed,"{""digits"":[5,4,3]}","{""data_source"":""xosominhngoc_net_vn"",""has_duplicate"":false,""official_verification_status"":""pending"",""secondary_source_url"":""https://xosominhngoc.net.vn/kqxs-bingo18"",""total"":12,""upstream_claimed_source"":""Vietlott""}",[],https://xosominhngoc.net.vn/kqxs-bingo18,rules_available,valid,[],2026-09-01T16:40:48+00:00
bingo18,0184436,2026-09-01,confirmed,"{""digits"":[1,5,2]}","{""data_source"":""xosominhngoc_net_vn"",""has_duplicate"":false,""official_verification_status"":""pending"",""secondary_source_url"":""https://xosominhngoc.net.vn/kqxs-bingo18"",""total"":8,""upstream_claimed_source"":""Vietlott""}",[],https://xosominhngoc.net.vn/kqxs-bingo18,rules_available,valid,[],2026-09-01T16:40:48+00:00
bingo18,0184437,2026-09-01,confirmed,"{""digits"":[1,3,3]}","{""data_source"":""xosominhngoc_net_vn"",""has_duplicate"":true,""official_verification_status"":""pending"",""secondary_source_url"":""https://xosominhngoc.net.vn/kqxs-bingo18"",""total"":7,""upstream_claimed_source"":""Vietlott""}",[],https://xosominhngoc.net.vn/kqxs-bingo18,rules_available,valid,[],2026-09-01T16:40:48+00:00
bingo18,0184438,2026-09-01,confirmed,"{""digits"":[5,4,1]}","{""data_source"":""xosominhngoc_net_vn"",""has_duplicate"":false,""official_verification_status"":""pending"",""secondary_source_url"":""https://xosominhngoc.net.vn/kqxs-bingo18"",""total"":10,""upstream_claimed_source"":""Vietlott""}",[],https://xosominhngoc.net.vn/kqxs-bingo18,rules_available,valid,[],2026-09-01T16:40:48+00:00
bingo18,0184439,2026-09-01,confirmed,"{""digits"":[6,5,2]}","{""data_source"":""xosominhngoc_net_vn"",""has_duplicate"":false,""official_verification_status"":""pending"",""secondary_source_url"":""https://xosominhngoc.net.vn/kqxs-bingo18"",""total"":13,""upstream_claimed_source"":""Vietlott""}",[],https://xosominhngoc.net.vn/kqxs-bingo18,rules_available,valid,[],2026-09-01T16:40:48+00:00
bingo18,0184440,2026-09-01,confirmed,"{""digits"":[5,5,6]}","{""data_source"":""xosominhngoc_net_vn"",""has_duplicate"":true,""official_verification_status"":""pending"",""secondary_source_url"":""https://xosominhngoc.net.vn/kqxs-bingo18"",""total"":16,""upstream_claimed_source"":""Vietlott""}",[],https://xosominhngoc.net.vn/kqxs-bingo18,rules_available,valid,[],2026-09-01T16:40:48+00:00
bingo18,0184441,2026-09-01,confirmed,"{""digits"":[6,2,3]}","{""data_source"":""xosominhngoc_net_vn"",""has_duplicate"":false,""official_verification_status"":""pending"",""secondary_source_url"":""https://xosominhngoc.net.vn/kqxs-bingo18"",""total"":11,""upstream_claimed_source"":""Vietlott""}",[],https://xosominhngoc.net.vn/kqxs-bingo18,rules_available,valid,[],2026-09-01T16:40:48+00:00
bingo18,0184442,2026-09-01,confirmed,"{""digits"":[3,2,2]}","{""data_source"":""xosominhngoc_net_vn"",""has_duplicate"":true,""official_verification_status"":""pending"",""secondary_source_url"":""https://xosominhngoc.net.vn/kqxs-bingo18"",""total"":7,""upstream_claimed_source"":""Vietlott""}",[],https://xosominhngoc.net.vn/kqxs-bingo18,rules_available,valid,[],2026-09-01T16:40:48+00:00
bingo18,0184443,2026-09-01,confirmed,"{""digits"":[4,5,3]}","{""data_source"":""xosominhngoc_net_vn"",""has_duplicate"":false,""official_verification_status"":""pending"",""secondary_source_url"":""https://xosominhngoc.net.vn/kqxs-bingo18"",""total"":12,""upstream_claimed_source"":""Vietlott""}",[],https://xosominhngoc.net.vn/kqxs-bingo18,rules_available,valid,[],2026-09-01T16:40:48+00:00
bingo18,0184444,2026-09-01,confirmed,"{""digits"":[2,1,4]}","{""data_source"":""xosominhngoc_net_vn"",""has_duplicate"":false,""official_verification_status"":""pending"",""secondary_source_url"":""https://xosominhngoc.net.vn/kqxs-bingo18"",""total"":7,""upstream_claimed_source"":""Vietlott""}",[],https://xosominhngoc.net.vn/kqxs-bingo18,rules_available,valid,[],2026-09-01T16:40:48+00:00
bingo18,0184445,2026-09-01,confirmed,"{""digits"":[5,2,4]}","{""data_source"":""xosominhngoc_net_vn"",""has_duplicate"":false,""official_verification_status"":""pending"",""secondary_source_url"":""https://xosominhngoc.net.vn/kqxs-bingo18"",""total"":11,""upstream_claimed_source"":""Vietlott""}",[],https://xosominhngoc.net.vn/kqxs-bingo18,rules_available,valid,[],2026-09-01T16:40:48+00:00
bingo18,0184446,2026-09-01,confirmed,"{""digits"":[1,6,1]}","{""data_source"":""xosominhngoc_net_vn"",""has_duplicate"":true,""official_verification_status"":""pending"",""secondary_source_url"":""https://xosominhngoc.net.vn/kqxs-bingo18"",""total"":8,""upstream_claimed_source"":""Vietlott""}",[],https://xosominhngoc.net.vn/kqxs-bingo18,rules_available,valid,[],2026-09-01T16:40:48+00:00
bingo18,0184447,2026-09-01,confirmed,"{""digits"":[1,1,4]}","{""data_source"":""xosominhngoc_net_vn"",""has_duplicate"":true,""official_verification_status"":""pending"",""secondary_source_url"":""https://xosominhngoc.net.vn/kqxs-bingo18"",""total"":6,""upstream_claimed_source"":""Vietlott""}",[],https://xosominhngoc.net.vn/kqxs-bingo18,rules_available,valid,[],2026-09-01T16:40:48+00:00
bingo18,0184448,2026-09-01,confirmed,"{""digits"":[4,4,1]}","{""data_source"":""xosominhngoc_net_vn"",""has_duplicate"":true,""official_verification_status"":""pending"",""secondary_source_url"":""https://xosominhngoc.net.vn/kqxs-bingo18"",""total"":9,""upstream_claimed_source"":""Vietlott""}",[],https://xosominhngoc.net.vn/kqxs-bingo18,rules_available,valid,[],2026-09-01T16:40:48+00:00
bingo18,0184449,2026-09-01,confirmed,"{""digits"":[3,3,1]}","{""data_source"":""xosominhngoc_net_vn"",""has_duplicate"":true,""official_verification_status"":""pending"",""secondary_source_url"":""https://xosominhngoc.net.vn/kqxs-bingo18"",""total"":7,""upstream_claimed_source"":""Vietlott""}",[],https://xosominhngoc.net.vn/kqxs-bingo18,rules_available,valid,[],2026-09-01T16:40:48+00:00
bingo18,0184454,2026-09-02,confirmed,"{""digits"":[5,2,3]}","{""data_source"":""xosominhngoc_net_vn"",""has_duplicate"":false,""official_verification_status"":""pending"",""secondary_source_url"":""https://xosominhngoc.net.vn/kqxs-bingo18"",""total"":10,""upstream_claimed_source"":""Vietlott""}",[],https://xosominhngoc.net.vn/kqxs-bingo18,rules_available,valid,[],2026-09-02T00:59:35+00:00
bingo18,0184455,2026-09-02,confirmed,"{""digits"":[6,2,6]}","{""data_source"":""xosominhngoc_net_vn"",""has_duplicate"":true,""official_verification_status"":""pending"",""secondary_source_url"":""https://xosominhngoc.net.vn/kqxs-bingo18"",""total"":14,""upstream_claimed_source"":""Vietlott""}",[],https://xosominhngoc.net.vn/kqxs-bingo18,rules_available,valid,[],2026-09-02T00:59:35+00:00
bingo18,0184456,2026-09-02,confirmed,"{""digits"":[5,5,2]}","{""data_source"":""xosominhngoc_net_vn"",""has_duplicate"":true,""official_verification_status"":""pending"",""secondary_source_url"":""https://xosominhngoc.net.vn/kqxs-bingo18"",""total"":12,""upstream_claimed_source"":""Vietlott""}",[],https://xosominhngoc.net.vn/kqxs-bingo18,rules_available,valid,[],2026-09-02T00:59:35+00:00
bingo18,0184457,2026-09-02,confirmed,"{""digits"":[4,2,5]}","{""data_source"":""xosominhngoc_net_vn"",""has_duplicate"":false,""official_verification_status"":""pending"",""secondary_source_url"":""https://xosominhngoc.net.vn/kqxs-bingo18"",""total"":11,""upstream_claimed_source"":""Vietlott""}",[],https://xosominhngoc.net.vn/kqxs-bingo18,rules_available,valid,[],2026-09-02T00:59:35+00:00
bingo18,0184458,2026-09-02,confirmed,"{""digits"":[2,2,4]}","{""data_source"":""xosominhngoc_net_vn"",""has_duplicate"":true,""official_verification_status"":""pending"",""secondary_source_url"":""https://xosominhngoc.net.vn/kqxs-bingo18"",""total"":8,""upstream_claimed_source"":""Vietlott""}",[],https://xosominhngoc.net.vn/kqxs-bingo18,rules_available,valid,[],2026-09-02T00:59:35+00:00
bingo18,0184459,2026-09-02,confirmed,"{""digits"":[6,6,3]}","{""data_source"":""xosominhngoc_net_vn"",""has_duplicate"":true,""official_verification_status"":""pending"",""secondary_source_url"":""https://xosominhngoc.net.vn/kqxs-bingo18"",""total"":15,""upstream_claimed_source"":""Vietlott""}",[],https://xosominhngoc.net.vn/kqxs-bingo18,rules_available,valid,[],2026-09-02T00:59:35+00:00
bingo18,0184460,2026-09-02,confirmed,"{""digits"":[6,5,3]}","{""data_source"":""xosominhngoc_net_vn"",""has_duplicate"":false,""official_verification_status"":""pending"",""secondary_source_url"":""https://xosominhngoc.net.vn/kqxs-bingo18"",""total"":14,""upstream_claimed_source"":""Vietlott""}",[],https://xosominhngoc.net.vn/kqxs-bingo18,rules_available,valid,[],2026-09-02T00:59:35+00:00
bingo18,0184461,2026-09-02,confirmed,"{""digits"":[5,4,6]}","{""data_source"":""xosominhngoc_net_vn"",""has_duplicate"":false,""official_verification_status"":""pending"",""secondary_source_url"":""https://xosominhngoc.net.vn/kqxs-bingo18"",""total"":15,""upstream_claimed_source"":""Vietlott""}",[],https://xosominhngoc.net.vn/kqxs-bingo18,rules_available,valid,[],2026-09-02T00:59:35+00:00
bingo18,0184462,2026-09-02,confirmed,"{""digits"":[6,5,4]}","{""data_source"":""xosominhngoc_net_vn"",""has_duplicate"":false,""official_verification_status"":""pending"",""secondary_source_url"":""https://xosominhngoc.net.vn/kqxs-bingo18"",""total"":15,""upstream_claimed_source"":""Vietlott""}",[],https://xosominhngoc.net.vn/kqxs-bingo18,rules_available,valid,[],2026-09-02T00:59:35+00:00
bingo18,0184463,2026-09-02,confirmed,"{""digits"":[1,6,4]}","{""data_source"":""xosominhngoc_net_vn"",""has_duplicate"":false,""official_verification_status"":""pending"",""secondary_source_url"":""https://xosominhngoc.net.vn/kqxs-bingo18"",""total"":11,""upstream_claimed_source"":""Vietlott""}",[],https://xosominhngoc.net.vn/kqxs-bingo18,rules_available,valid,[],2026-09-02T00:59:35+00:00
bingo18,0184464,2026-09-02,confirmed,"{""digits"":[2,4,2]}","{""data_source"":""xosominhngoc_net_vn"",""has_duplicate"":true,""official_verification_status"":""pending"",""secondary_source_url"":""https://xosominhngoc.net.vn/kqxs-bingo18"",""total"":8,""upstream_claimed_source"":""Vietlott""}",[],https://xosominhngoc.net.vn/kqxs-bingo18,rules_available,valid,[],2026-09-02T00:59:35+00:00
bingo18,0184465,2026-09-02,confirmed,"{""digits"":[3,5,1]}","{""data_source"":""xosominhngoc_net_vn"",""has_duplicate"":false,""official_verification_status"":""pending"",""secondary_source_url"":""https://xosominhngoc.net.vn/kqxs-bingo18"",""total"":9,""upstream_claimed_source"":""Vietlott""}",[],https://xosominhngoc.net.vn/kqxs-bingo18,rules_available,valid,[],2026-09-02T00:59:35+00:00
bingo18,0184466,2026-09-02,confirmed,"{""digits"":[4,6,5]}","{""data_source"":""xosominhngoc_net_vn"",""has_duplicate"":false,""official_verification_status"":""pending"",""secondary_source_url"":""https://xosominhngoc.net.vn/kqxs-bingo18"",""total"":15,""upstream_claimed_source"":""Vietlott""}",[],https://xosominhngoc.net.vn/kqxs-bingo18,rules_available,valid,[],2026-09-02T00:59:35+00:00
bingo18,0184467,2026-09-02,confirmed,"{""digits"":[2,4,4]}","{""data_source"":""xosominhngoc_net_vn"",""has_duplicate"":true,""official_verification_status"":""pending"",""secondary_source_url"":""https://xosominhngoc.net.vn/kqxs-bingo18"",""total"":10,""upstream_claimed_source"":""Vietlott""}",[],https://xosominhngoc.net.vn/kqxs-bingo18,rules_available,valid,[],2026-09-02T00:59:35+00:00
bingo18,0184468,2026-09-02,confirmed,"{""digits"":[6,2,6]}","{""data_source"":""xosominhngoc_net_vn"",""has_duplicate"":true,""official_verification_status"":""pending"",""secondary_source_url"":""https://xosominhngoc.net.vn/kqxs-bingo18"",""total"":14,""upstream_claimed_source"":""Vietlott""}",[],https://xosominhngoc.net.vn/kqxs-bingo18,rules_available,valid,[],2026-09-02T00:59:35+00:00
bingo18,0184501,2026-09-02,confirmed,"{""digits"":[5,3,2]}","{""data_source"":""xosominhngoc_net_vn"",""has_duplicate"":false,""official_verification_status"":""pending"",""secondary_source_url"":""https://xosominhngoc.net.vn/kqxs-bingo18"",""total"":10,""upstream_claimed_source"":""Vietlott""}",[],https://xosominhngoc.net.vn/kqxs-bingo18,rules_available,valid,[],2026-09-02T05:41:01+00:00
bingo18,0184502,2026-09-02,confirmed,"{""digits"":[6,1,3]}","{""data_source"":""xosominhngoc_net_vn"",""has_duplicate"":false,""official_verification_status"":""pending"",""secondary_source_url"":""https://xosominhngoc.net.vn/kqxs-bingo18"",""total"":10,""upstream_claimed_source"":""Vietlott""}",[],https://xosominhngoc.net.vn/kqxs-bingo18,rules_available,valid,[],2026-09-02T05:41:01+00:00
bingo18,0184503,2026-09-02,confirmed,"{""digits"":[3,2,2]}","{""data_source"":""xosominhngoc_net_vn"",""has_duplicate"":true,""official_verification_status"":""pending"",""secondary_source_url"":""https://xosominhngoc.net.vn/kqxs-bingo18"",""total"":7,""upstream_claimed_source"":""Vietlott""}",[],https://xosominhngoc.net.vn/kqxs-bingo18,rules_available,valid,[],2026-09-02T05:41:01+00:00
bingo18,0184504,2026-09-02,confirmed,"{""digits"":[2,2,6]}","{""data_source"":""xosominhngoc_net_vn"",""has_duplicate"":true,""official_verification_status"":""pending"",""secondary_source_url"":""https://xosominhngoc.net.vn/kqxs-bingo18"",""total"":10,""upstream_claimed_source"":""Vietlott""}",[],https://xosominhngoc.net.vn/kqxs-bingo18,rules_available,valid,[],2026-09-02T05:41:01+00:00
bingo18,0184505,2026-09-02,confirmed,"{""digits"":[1,5,1]}","{""data_source"":""xosominhngoc_net_vn"",""has_duplicate"":true,""official_verification_status"":""pending"",""secondary_source_url"":""https://xosominhngoc.net.vn/kqxs-bingo18"",""total"":7,""upstream_claimed_source"":""Vietlott""}",[],https://xosominhngoc.net.vn/kqxs-bingo18,rules_available,valid,[],2026-09-02T05:41:01+00:00
bingo18,0184506,2026-09-02,confirmed,"{""digits"":[2,5,4]}","{""data_source"":""xosominhngoc_net_vn"",""has_duplicate"":false,""official_verification_status"":""pending"",""secondary_source_url"":""https://xosominhngoc.net.vn/kqxs-bingo18"",""total"":11,""upstream_claimed_source"":""Vietlott""}",[],https://xosominhngoc.net.vn/kqxs-bingo18,rules_available,valid,[],2026-09-02T05:41:01+00:00
bingo18,0184507,2026-09-02,confirmed,"{""digits"":[5,3,6]}","{""data_source"":""xosominhngoc_net_vn"",""has_duplicate"":false,""official_verification_status"":""pending"",""secondary_source_url"":""https://xosominhngoc.net.vn/kqxs-bingo18"",""total"":14,""upstream_claimed_source"":""Vietlott""}",[],https://xosominhngoc.net.vn/kqxs-bingo18,rules_available,valid,[],2026-09-02T05:41:01+00:00
bingo18,0184508,2026-09-02,confirmed,"{""digits"":[5,1,6]}","{""data_source"":""xosominhngoc_net_vn"",""has_duplicate"":false,""official_verification_status"":""pending"",""secondary_source_url"":""https://xosominhngoc.net.vn/kqxs-bingo18"",""total"":12,""upstream_claimed_source"":""Vietlott""}",[],https://xosominhngoc.net.vn/kqxs-bingo18,rules_available,valid,[],2026-09-02T05:41:01+00:00
bingo18,0184509,2026-09-02,confirmed,"{""digits"":[2,2,4]}","{""data_source"":""xosominhngoc_net_vn"",""has_duplicate"":true,""official_verification_status"":""pending"",""secondary_source_url"":""https://xosominhngoc.net.vn/kqxs-bingo18"",""total"":8,""upstream_claimed_source"":""Vietlott""}",[],https://xosominhngoc.net.vn/kqxs-bingo18,rules_available,valid,[],2026-09-02T05:41:01+00:00
bingo18,0184510,2026-09-02,confirmed,"{""digits"":[4,2,3]}","{""data_source"":""xosominhngoc_net_vn"",""has_duplicate"":false,""official_verification_status"":""pending"",""secondary_source_url"":""https://xosominhngoc.net.vn/kqxs-bingo18"",""total"":9,""upstream_claimed_source"":""Vietlott""}",[],https://xosominhngoc.net.vn/kqxs-bingo18,rules_available,valid,[],2026-09-02T05:41:01+00:00
bingo18,0184511,2026-09-02,confirmed,"{""digits"":[6,1,3]}","{""data_source"":""xosominhngoc_net_vn"",""has_duplicate"":false,""official_verification_status"":""pending"",""secondary_source_url"":""https://xosominhngoc.net.vn/kqxs-bingo18"",""total"":10,""upstream_claimed_source"":""Vietlott""}",[],https://xosominhngoc.net.vn/kqxs-bingo18,rules_available,valid,[],2026-09-02T05:41:01+00:00
bingo18,0184512,2026-09-02,confirmed,"{""digits"":[6,5,1]}","{""data_source"":""xosominhngoc_net_vn"",""has_duplicate"":false,""official_verification_status"":""pending"",""secondary_source_url"":""https://xosominhngoc.net.vn/kqxs-bingo18"",""total"":12,""upstream_claimed_source"":""Vietlott""}",[],https://xosominhngoc.net.vn/kqxs-bingo18,rules_available,valid,[],2026-09-02T05:41:01+00:00
bingo18,0184513,2026-09-02,confirmed,"{""digits"":[2,4,4]}","{""data_source"":""xosominhngoc_net_vn"",""has_duplicate"":true,""official_verification_status"":""pending"",""secondary_source_url"":""https://xosominhngoc.net.vn/kqxs-bingo18"",""total"":10,""upstream_claimed_source"":""Vietlott""}",[],https://xosominhngoc.net.vn/kqxs-bingo18,rules_available,valid,[],2026-09-02T05:41:01+00:00
bingo18,0184514,2026-09-02,confirmed,"{""digits"":[3,5,6]}","{""data_source"":""xosominhngoc_net_vn"",""has_duplicate"":false,""official_verification_status"":""pending"",""secondary_source_url"":""https://xosominhngoc.net.vn/kqxs-bingo18"",""total"":14,""upstream_claimed_source"":""Vietlott""}",[],https://xosominhngoc.net.vn/kqxs-bingo18,rules_available,valid,[],2026-09-02T05:41:01+00:00
bingo18,0184515,2026-09-02,confirmed,"{""digits"":[3,2,3]}","{""data_source"":""xosominhngoc_net_vn"",""has_duplicate"":true,""official_verification_status"":""pending"",""secondary_source_url"":""https://xosominhngoc.net.vn/kqxs-bingo18"",""total"":8,""upstream_claimed_source"":""Vietlott""}",[],https://xosominhngoc.net.vn/kqxs-bingo18,rules_available,valid,[],2026-09-02T05:41:01+00:00
bingo18,0184543,2026-09-02,confirmed,"{""digits"":[1,1,2]}","{""data_source"":""xosominhngoc_net_vn"",""has_duplicate"":true,""official_verification_status"":""pending"",""secondary_source_url"":""https://xosominhngoc.net.vn/kqxs-bingo18"",""total"":4,""upstream_claimed_source"":""Vietlott""}",[],https://xosominhngoc.net.vn/kqxs-bingo18,rules_available,valid,[],2026-09-02T09:55:41+00:00
bingo18,0184544,2026-09-02,confirmed,"{""digits"":[1,1,4]}","{""data_source"":""xosominhngoc_net_vn"",""has_duplicate"":true,""official_verification_status"":""pending"",""secondary_source_url"":""https://xosominhngoc.net.vn/kqxs-bingo18"",""total"":6,""upstream_claimed_source"":""Vietlott""}",[],https://xosominhngoc.net.vn/kqxs-bingo18,rules_available,valid,[],2026-09-02T09:55:41+00:00
bingo18,0184545,2026-09-02,confirmed,"{""digits"":[5,6,2]}","{""data_source"":""xosominhngoc_net_vn"",""has_duplicate"":false,""official_verification_status"":""pending"",""secondary_source_url"":""https://xosominhngoc.net.vn/kqxs-bingo18"",""total"":13,""upstream_claimed_source"":""Vietlott""}",[],https://xosominhngoc.net.vn/kqxs-bingo18,rules_available,valid,[],2026-09-02T09:55:41+00:00
bingo18,0184546,2026-09-02,confirmed,"{""digits"":[1,2,5]}","{""data_source"":""xosominhngoc_net_vn"",""has_duplicate"":false,""official_verification_status"":""pending"",""secondary_source_url"":""https://xosominhngoc.net.vn/kqxs-bingo18"",""total"":8,""upstream_claimed_source"":""Vietlott""}",[],https://xosominhngoc.net.vn/kqxs-bingo18,rules_available,valid,[],2026-09-02T09:55:41+00:00
bingo18,0184547,2026-09-02,confirmed,"{""digits"":[5,5,2]}","{""data_source"":""xosominhngoc_net_vn"",""has_duplicate"":true,""official_verification_status"":""pending"",""secondary_source_url"":""https://xosominhngoc.net.vn/kqxs-bingo18"",""total"":12,""upstream_claimed_source"":""Vietlott""}",[],https://xosominhngoc.net.vn/kqxs-bingo18,rules_available,valid,[],2026-09-02T09:55:41+00:00
bingo18,0184548,2026-09-02,confirmed,"{""digits"":[2,5,5]}","{""data_source"":""xosominhngoc_net_vn"",""has_duplicate"":true,""official_verification_status"":""pending"",""secondary_source_url"":""https://xosominhngoc.net.vn/kqxs-bingo18"",""total"":12,""upstream_claimed_source"":""Vietlott""}",[],https://xosominhngoc.net.vn/kqxs-bingo18,rules_available,valid,[],2026-09-02T09:55:41+00:00
bingo18,0184549,2026-09-02,confirmed,"{""digits"":[2,2,6]}","{""data_source"":""xosominhngoc_net_vn"",""has_duplicate"":true,""official_verification_status"":""pending"",""secondary_source_url"":""https://xosominhngoc.net.vn/kqxs-bingo18"",""total"":10,""upstream_claimed_source"":""Vietlott""}",[],https://xosominhngoc.net.vn/kqxs-bingo18,rules_available,valid,[],2026-09-02T09:55:41+00:00
bingo18,0184550,2026-09-02,confirmed,"{""digits"":[5,2,1]}","{""data_source"":""xosominhngoc_net_vn"",""has_duplicate"":false,""official_verification_status"":""pending"",""secondary_source_url"":""https://xosominhngoc.net.vn/kqxs-bingo18"",""total"":8,""upstream_claimed_source"":""Vietlott""}",[],https://xosominhngoc.net.vn/kqxs-bingo18,rules_available,valid,[],2026-09-02T09:55:41+00:00
bingo18,0184551,2026-09-02,confirmed,"{""digits"":[1,4,5]}","{""data_source"":""xosominhngoc_net_vn"",""has_duplicate"":false,""official_verification_status"":""pending"",""secondary_source_url"":""https://xosominhngoc.net.vn/kqxs-bingo18"",""total"":10,""upstream_claimed_source"":""Vietlott""}",[],https://xosominhngoc.net.vn/kqxs-bingo18,rules_available,valid,[],2026-09-02T09:55:41+00:00
bingo18,0184552,2026-09-02,confirmed,"{""digits"":[4,5,2]}","{""data_source"":""xosominhngoc_net_vn"",""has_duplicate"":false,""official_verification_status"":""pending"",""secondary_source_url"":""https://xosominhngoc.net.vn/kqxs-bingo18"",""total"":11,""upstream_claimed_source"":""Vietlott""}",[],https://xosominhngoc.net.vn/kqxs-bingo18,rules_available,valid,[],2026-09-02T09:55:41+00:00
bingo18,0184553,2026-09-02,confirmed,"{""digits"":[1,2,4]}","{""data_source"":""xosominhngoc_net_vn"",""has_duplicate"":false,""official_verification_status"":""pending"",""secondary_source_url"":""https://xosominhngoc.net.vn/kqxs-bingo18"",""total"":7,""upstream_claimed_source"":""Vietlott""}",[],https://xosominhngoc.net.vn/kqxs-bingo18,rules_available,valid,[],2026-09-02T09:55:41+00:00
bingo18,0184554,2026-09-02,confirmed,"{""digits"":[1,2,3]}","{""data_source"":""xosominhngoc_net_vn"",""has_duplicate"":false,""official_verification_status"":""pending"",""secondary_source_url"":""https://xosominhngoc.net.vn/kqxs-bingo18"",""total"":6,""upstream_claimed_source"":""Vietlott""}",[],https://xosominhngoc.net.vn/kqxs-bingo18,rules_available,valid,[],2026-09-02T09:55:41+00:00
bingo18,0184555,2026-09-02,confirmed,"{""digits"":[3,4,4]}","{""data_source"":""xosominhngoc_net_vn"",""has_duplicate"":true,""official_verification_status"":""pending"",""secondary_source_url"":""https://xosominhngoc.net.vn/kqxs-bingo18"",""total"":11,""upstream_claimed_source"":""Vietlott""}",[],https://xosominhngoc.net.vn/kqxs-bingo18,rules_available,valid,[],2026-09-02T09:55:41+00:00
bingo18,0184556,2026-09-02,confirmed,"{""digits"":[2,2,2]}","{""data_source"":""xosominhngoc_net_vn"",""has_duplicate"":true,""official_verification_status"":""pending"",""secondary_source_url"":""https://xosominhngoc.net.vn/kqxs-bingo18"",""total"":6,""upstream_claimed_source"":""Vietlott""}",[],https://xosominhngoc.net.vn/kqxs-bingo18,rules_available,valid,[],2026-09-02T09:55:41+00:00
bingo18,0184557,2026-09-02,confirmed,"{""digits"":[6,5,3]}","{""data_source"":""xosominhngoc_net_vn"",""has_duplicate"":false,""official_verification_status"":""pending"",""secondary_source_url"":""https://xosominhngoc.net.vn/kqxs-bingo18"",""total"":14,""upstream_claimed_source"":""Vietlott""}",[],https://xosominhngoc.net.vn/kqxs-bingo18,rules_available,valid,[],2026-09-02T09:55:41+00:00
bingo18,0184584,2026-09-02,confirmed,"{""digits"":[3,6,3]}","{""data_source"":""xosominhngoc_net_vn"",""has_duplicate"":true,""official_verification_status"":""pending"",""secondary_source_url"":""https://xosominhngoc.net.vn/kqxs-bingo18"",""total"":12,""upstream_claimed_source"":""Vietlott""}",[],https://xosominhngoc.net.vn/kqxs-bingo18,rules_available,valid,[],2026-09-02T14:05:09+00:00
bingo18,0184585,2026-09-02,confirmed,"{""digits"":[6,5,1]}","{""data_source"":""xosominhngoc_net_vn"",""has_duplicate"":false,""official_verification_status"":""pending"",""secondary_source_url"":""https://xosominhngoc.net.vn/kqxs-bingo18"",""total"":12,""upstream_claimed_source"":""Vietlott""}",[],https://xosominhngoc.net.vn/kqxs-bingo18,rules_available,valid,[],2026-09-02T14:05:09+00:00
bingo18,0184586,2026-09-02,confirmed,"{""digits"":[6,3,4]}","{""data_source"":""xosominhngoc_net_vn"",""has_duplicate"":false,""official_verification_status"":""pending"",""secondary_source_url"":""https://xosominhngoc.net.vn/kqxs-bingo18"",""total"":13,""upstream_claimed_source"":""Vietlott""}",[],https://xosominhngoc.net.vn/kqxs-bingo18,rules_available,valid,[],2026-09-02T14:05:09+00:00
bingo18,0184587,2026-09-02,confirmed,"{""digits"":[2,4,2]}","{""data_source"":""xosominhngoc_net_vn"",""has_duplicate"":true,""official_verification_status"":""pending"",""secondary_source_url"":""https://xosominhngoc.net.vn/kqxs-bingo18"",""total"":8,""upstream_claimed_source"":""Vietlott""}",[],https://xosominhngoc.net.vn/kqxs-bingo18,rules_available,valid,[],2026-09-02T14:05:09+00:00
bingo18,0184588,2026-09-02,confirmed,"{""digits"":[3,6,1]}","{""data_source"":""xosominhngoc_net_vn"",""has_duplicate"":false,""official_verification_status"":""pending"",""secondary_source_url"":""https://xosominhngoc.net.vn/kqxs-bingo18"",""total"":10,""upstream_claimed_source"":""Vietlott""}",[],https://xosominhngoc.net.vn/kqxs-bingo18,rules_available,valid,[],2026-09-02T14:05:09+00:00
bingo18,0184589,2026-09-02,confirmed,"{""digits"":[5,4,1]}","{""data_source"":""xosominhngoc_net_vn"",""has_duplicate"":false,""official_verification_status"":""pending"",""secondary_source_url"":""https://xosominhngoc.net.vn/kqxs-bingo18"",""total"":10,""upstream_claimed_source"":""Vietlott""}",[],https://xosominhngoc.net.vn/kqxs-bingo18,rules_available,valid,[],2026-09-02T14:05:09+00:00
bingo18,0184590,2026-09-02,confirmed,"{""digits"":[6,6,6]}","{""data_source"":""xosominhngoc_net_vn"",""has_duplicate"":true,""official_verification_status"":""pending"",""secondary_source_url"":""https://xosominhngoc.net.vn/kqxs-bingo18"",""total"":18,""upstream_claimed_source"":""Vietlott""}",[],https://xosominhngoc.net.vn/kqxs-bingo18,rules_available,valid,[],2026-09-02T14:05:09+00:00
bingo18,0184591,2026-09-02,confirmed,"{""digits"":[4,5,5]}","{""data_source"":""xosominhngoc_net_vn"",""has_duplicate"":true,""official_verification_status"":""pending"",""secondary_source_url"":""https://xosominhngoc.net.vn/kqxs-bingo18"",""total"":14,""upstream_claimed_source"":""Vietlott""}",[],https://xosominhngoc.net.vn/kqxs-bingo18,rules_available,valid,[],2026-09-02T14:05:09+00:00
bingo18,0184592,2026-09-02,confirmed,"{""digits"":[1,1,1]}","{""data_source"":""xosominhngoc_net_vn"",""has_duplicate"":true,""official_verification_status"":""pending"",""secondary_source_url"":""https://xosominhngoc.net.vn/kqxs-bingo18"",""total"":3,""upstream_claimed_source"":""Vietlott""}",[],https://xosominhngoc.net.vn/kqxs-bingo18,rules_available,valid,[],2026-09-02T14:05:09+00:00
bingo18,0184593,2026-09-02,confirmed,"{""digits"":[5,4,4]}","{""data_source"":""xosominhngoc_net_vn"",""has_duplicate"":true,""official_verification_status"":""pending"",""secondary_source_url"":""https://xosominhngoc.net.vn/kqxs-bingo18"",""total"":13,""upstream_claimed_source"":""Vietlott""}",[],https://xosominhngoc.net.vn/kqxs-bingo18,rules_available,valid,[],2026-09-02T14:05:09+00:00
bingo18,0184594,2026-09-02,confirmed,"{""digits"":[3,1,3]}","{""data_source"":""xosominhngoc_net_vn"",""has_duplicate"":true,""official_verification_status"":""pending"",""secondary_source_url"":""https://xosominhngoc.net.vn/kqxs-bingo18"",""total"":7,""upstream_claimed_source"":""Vietlott""}",[],https://xosominhngoc.net.vn/kqxs-bingo18,rules_available,valid,[],2026-09-02T14:05:09+00:00
bingo18,0184595,2026-09-02,confirmed,"{""digits"":[6,4,4]}","{""data_source"":""xosominhngoc_net_vn"",""has_duplicate"":true,""official_verification_status"":""pending"",""secondary_source_url"":""https://xosominhngoc.net.vn/kqxs-bingo18"",""total"":14,""upstream_claimed_source"":""Vietlott""}",[],https://xosominhngoc.net.vn/kqxs-bingo18,rules_available,valid,[],2026-09-02T14:05:09+00:00
bingo18,0184596,2026-09-02,confirmed,"{""digits"":[5,1,6]}","{""data_source"":""xosominhngoc_net_vn"",""has_duplicate"":false,""official_verification_status"":""pending"",""secondary_source_url"":""https://xosominhngoc.net.vn/kqxs-bingo18"",""total"":12,""upstream_claimed_source"":""Vietlott""}",[],https://xosominhngoc.net.vn/kqxs-bingo18,rules_available,valid,[],2026-09-02T14:05:09+00:00
bingo18,0184597,2026-09-02,confirmed,"{""digits"":[4,6,1]}","{""data_source"":""xosominhngoc_net_vn"",""has_duplicate"":false,""official_verification_status"":""pending"",""secondary_source_url"":""https://xosominhngoc.net.vn/kqxs-bingo18"",""total"":11,""upstream_claimed_source"":""Vietlott""}",[],https://xosominhngoc.net.vn/kqxs-bingo18,rules_available,valid,[],2026-09-02T14:05:09+00:00
bingo18,0184598,2026-09-02,confirmed,"{""digits"":[4,1,2]}","{""data_source"":""xosominhngoc_net_vn"",""has_duplicate"":false,""official_verification_status"":""pending"",""secondary_source_url"":""https://xosominhngoc.net.vn/kqxs-bingo18"",""total"":7,""upstream_claimed_source"":""Vietlott""}",[],https://xosominhngoc.net.vn/kqxs-bingo18,rules_available,valid,[],2026-09-02T14:05:09+00:00
bingo18,0184599,2026-09-02,confirmed,"{""digits"":[2,6,3]}","{""data_source"":""xosominhngoc_net_vn"",""has_duplicate"":false,""official_verification_status"":""pending"",""secondary_source_url"":""https://xosominhngoc.net.vn/kqxs-bingo18"",""total"":11,""upstream_claimed_source"":""Vietlott""}",[],https://xosominhngoc.net.vn/kqxs-bingo18,rules_available,valid,[],2026-09-02T17:52:55+00:00
bingo18,0184600,2026-09-02,confirmed,"{""digits"":[5,3,6]}","{""data_source"":""xosominhngoc_net_vn"",""has_duplicate"":false,""official_verification_status"":""pending"",""secondary_source_url"":""https://xosominhngoc.net.vn/kqxs-bingo18"",""total"":14,""upstream_claimed_source"":""Vietlott""}",[],https://xosominhngoc.net.vn/kqxs-bingo18,rules_available,valid,[],2026-09-02T17:52:55+00:00
bingo18,0184601,2026-09-02,confirmed,"{""digits"":[4,2,5]}","{""data_source"":""xosominhngoc_net_vn"",""has_duplicate"":false,""official_verification_status"":""pending"",""secondary_source_url"":""https://xosominhngoc.net.vn/kqxs-bingo18"",""total"":11,""upstream_claimed_source"":""Vietlott""}",[],https://xosominhngoc.net.vn/kqxs-bingo18,rules_available,valid,[],2026-09-02T17:52:55+00:00
bingo18,0184602,2026-09-02,confirmed,"{""digits"":[2,4,4]}","{""data_source"":""xosominhngoc_net_vn"",""has_duplicate"":true,""official_verification_status"":""pending"",""secondary_source_url"":""https://xosominhngoc.net.vn/kqxs-bingo18"",""total"":10,""upstream_claimed_source"":""Vietlott""}",[],https://xosominhngoc.net.vn/kqxs-bingo18,rules_available,valid,[],2026-09-02T17:52:55+00:00
bingo18,0184603,2026-09-02,confirmed,"{""digits"":[5,4,2]}","{""data_source"":""xosominhngoc_net_vn"",""has_duplicate"":false,""official_verification_status"":""pending"",""secondary_source_url"":""https://xosominhngoc.net.vn/kqxs-bingo18"",""total"":11,""upstream_claimed_source"":""Vietlott""}",[],https://xosominhngoc.net.vn/kqxs-bingo18,rules_available,valid,[],2026-09-02T17:52:55+00:00
bingo18,0184604,2026-09-02,confirmed,"{""digits"":[4,3,3]}","{""data_source"":""xosominhngoc_net_vn"",""has_duplicate"":true,""official_verification_status"":""pending"",""secondary_source_url"":""https://xosominhngoc.net.vn/kqxs-bingo18"",""total"":10,""upstream_claimed_source"":""Vietlott""}",[],https://xosominhngoc.net.vn/kqxs-bingo18,rules_available,valid,[],2026-09-02T17:52:55+00:00
bingo18,0184605,2026-09-02,confirmed,"{""digits"":[3,2,6]}","{""data_source"":""xosominhngoc_net_vn"",""has_duplicate"":false,""official_verification_status"":""pending"",""secondary_source_url"":""https://xosominhngoc.net.vn/kqxs-bingo18"",""total"":11,""upstream_claimed_source"":""Vietlott""}",[],https://xosominhngoc.net.vn/kqxs-bingo18,rules_available,valid,[],2026-09-02T17:52:55+00:00
bingo18,0184606,2026-09-02,confirmed,"{""digits"":[4,4,6]}","{""data_source"":""xosominhngoc_net_vn"",""has_duplicate"":true,""official_verification_status"":""pending"",""secondary_source_url"":""https://xosominhngoc.net.vn/kqxs-bingo18"",""total"":14,""upstream_claimed_source"":""Vietlott""}",[],https://xosominhngoc.net.vn/kqxs-bingo18,rules_available,valid,[],2026-09-02T17:52:55+00:00
bingo18,0184607,2026-09-02,confirmed,"{""digits"":[5,2,5]}","{""data_source"":""xosominhngoc_net_vn"",""has_duplicate"":true,""official_verification_status"":""pending"",""secondary_source_url"":""https://xosominhngoc.net.vn/kqxs-bingo18"",""total"":12,""upstream_claimed_source"":""Vietlott""}",[],https://xosominhngoc.net.vn/kqxs-bingo18,rules_available,valid,[],2026-09-02T17:52:55+00:00
bingo18,0184608,2026-09-02,confirmed,"{""digits"":[5,2,5]}","{""data_source"":""xosominhngoc_net_vn"",""has_duplicate"":true,""official_verification_status"":""pending"",""secondary_source_url"":""https://xosominhngoc.net.vn/kqxs-bingo18"",""total"":12,""upstream_claimed_source"":""Vietlott""}",[],https://xosominhngoc.net.vn/kqxs-bingo18,rules_available,valid,[],2026-09-02T17:52:55+00:00
bingo18,0184614,2026-09-03,confirmed,"{""digits"":[1,5,5]}","{""data_source"":""xosominhngoc_net_vn"",""has_duplicate"":true,""official_verification_status"":""pending"",""secondary_source_url"":""https://xosominhngoc.net.vn/kqxs-bingo18"",""total"":11,""upstream_claimed_source"":""Vietlott""}",[],https://xosominhngoc.net.vn/kqxs-bingo18,rules_available,valid,[],2026-09-03T01:05:37+00:00
bingo18,0184615,2026-09-03,confirmed,"{""digits"":[4,2,1]}","{""data_source"":""xosominhngoc_net_vn"",""has_duplicate"":false,""official_verification_status"":""pending"",""secondary_source_url"":""https://xosominhngoc.net.vn/kqxs-bingo18"",""total"":7,""upstream_claimed_source"":""Vietlott""}",[],https://xosominhngoc.net.vn/kqxs-bingo18,rules_available,valid,[],2026-09-03T01:05:37+00:00
bingo18,0184616,2026-09-03,confirmed,"{""digits"":[2,5,4]}","{""data_source"":""xosominhngoc_net_vn"",""has_duplicate"":false,""official_verification_status"":""pending"",""secondary_source_url"":""https://xosominhngoc.net.vn/kqxs-bingo18"",""total"":11,""upstream_claimed_source"":""Vietlott""}",[],https://xosominhngoc.net.vn/kqxs-bingo18,rules_available,valid,[],2026-09-03T01:05:37+00:00
bingo18,0184617,2026-09-03,confirmed,"{""digits"":[6,2,2]}","{""data_source"":""xosominhngoc_net_vn"",""has_duplicate"":true,""official_verification_status"":""pending"",""secondary_source_url"":""https://xosominhngoc.net.vn/kqxs-bingo18"",""total"":10,""upstream_claimed_source"":""Vietlott""}",[],https://xosominhngoc.net.vn/kqxs-bingo18,rules_available,valid,[],2026-09-03T01:05:37+00:00
bingo18,0184618,2026-09-03,confirmed,"{""digits"":[6,3,6]}","{""data_source"":""xosominhngoc_net_vn"",""has_duplicate"":true,""official_verification_status"":""pending"",""secondary_source_url"":""https://xosominhngoc.net.vn/kqxs-bingo18"",""total"":15,""upstream_claimed_source"":""Vietlott""}",[],https://xosominhngoc.net.vn/kqxs-bingo18,rules_available,valid,[],2026-09-03T01:05:37+00:00
bingo18,0184619,2026-09-03,confirmed,"{""digits"":[6,5,1]}","{""data_source"":""xosominhngoc_net_vn"",""has_duplicate"":false,""official_verification_status"":""pending"",""secondary_source_url"":""https://xosominhngoc.net.vn/kqxs-bingo18"",""total"":12,""upstream_claimed_source"":""Vietlott""}",[],https://xosominhngoc.net.vn/kqxs-bingo18,rules_available,valid,[],2026-09-03T01:05:37+00:00
bingo18,0184620,2026-09-03,confirmed,"{""digits"":[3,3,6]}","{""data_source"":""xosominhngoc_net_vn"",""has_duplicate"":true,""official_verification_status"":""pending"",""secondary_source_url"":""https://xosominhngoc.net.vn/kqxs-bingo18"",""total"":12,""upstream_claimed_source"":""Vietlott""}",[],https://xosominhngoc.net.vn/kqxs-bingo18,rules_available,valid,[],2026-09-03T01:05:37+00:00
bingo18,0184621,2026-09-03,confirmed,"{""digits"":[1,6,2]}","{""data_source"":""xosominhngoc_net_vn"",""has_duplicate"":false,""official_verification_status"":""pending"",""secondary_source_url"":""https://xosominhngoc.net.vn/kqxs-bingo18"",""total"":9,""upstream_claimed_source"":""Vietlott""}",[],https://xosominhngoc.net.vn/kqxs-bingo18,rules_available,valid,[],2026-09-03T01:05:37+00:00
bingo18,0184622,2026-09-03,confirmed,"{""digits"":[4,1,2]}","{""data_source"":""xosominhngoc_net_vn"",""has_duplicate"":false,""official_verification_status"":""pending"",""secondary_source_url"":""https://xosominhngoc.net.vn/kqxs-bingo18"",""total"":7,""upstream_claimed_source"":""Vietlott""}",[],https://xosominhngoc.net.vn/kqxs-bingo18,rules_available,valid,[],2026-09-03T01:05:37+00:00
bingo18,0184623,2026-09-03,confirmed,"{""digits"":[6,3,4]}","{""data_source"":""xosominhngoc_net_vn"",""has_duplicate"":false,""official_verification_status"":""pending"",""secondary_source_url"":""https://xosominhngoc.net.vn/kqxs-bingo18"",""total"":13,""upstream_claimed_source"":""Vietlott""}",[],https://xosominhngoc.net.vn/kqxs-bingo18,rules_available,valid,[],2026-09-03T01:05:37+00:00
bingo18,0184624,2026-09-03,confirmed,"{""digits"":[2,3,6]}","{""data_source"":""xosominhngoc_net_vn"",""has_duplicate"":false,""official_verification_status"":""pending"",""secondary_source_url"":""https://xosominhngoc.net.vn/kqxs-bingo18"",""total"":11,""upstream_claimed_source"":""Vietlott""}",[],https://xosominhngoc.net.vn/kqxs-bingo18,rules_available,valid,[],2026-09-03T01:05:37+00:00
bingo18,0184625,2026-09-03,confirmed,"{""digits"":[2,1,5]}","{""data_source"":""xosominhngoc_net_vn"",""has_duplicate"":false,""official_verification_status"":""pending"",""secondary_source_url"":""https://xosominhngoc.net.vn/kqxs-bingo18"",""total"":8,""upstream_claimed_source"":""Vietlott""}",[],https://xosominhngoc.net.vn/kqxs-bingo18,rules_available,valid,[],2026-09-03T01:05:37+00:00
bingo18,0184626,2026-09-03,confirmed,"{""digits"":[6,6,5]}","{""data_source"":""xosominhngoc_net_vn"",""has_duplicate"":true,""official_verification_status"":""pending"",""secondary_source_url"":""https://xosominhngoc.net.vn/kqxs-bingo18"",""total"":17,""upstream_claimed_source"":""Vietlott""}",[],https://xosominhngoc.net.vn/kqxs-bingo18,rules_available,valid,[],2026-09-03T01:05:37+00:00
bingo18,0184627,2026-09-03,confirmed,"{""digits"":[4,4,6]}","{""data_source"":""xosominhngoc_net_vn"",""has_duplicate"":true,""official_verification_status"":""pending"",""secondary_source_url"":""https://xosominhngoc.net.vn/kqxs-bingo18"",""total"":14,""upstream_claimed_source"":""Vietlott""}",[],https://xosominhngoc.net.vn/kqxs-bingo18,rules_available,valid,[],2026-09-03T01:05:37+00:00
bingo18,0184628,2026-09-03,confirmed,"{""digits"":[6,2,1]}","{""data_source"":""xosominhngoc_net_vn"",""has_duplicate"":false,""official_verification_status"":""pending"",""secondary_source_url"":""https://xosominhngoc.net.vn/kqxs-bingo18"",""total"":9,""upstream_claimed_source"":""Vietlott""}",[],https://xosominhngoc.net.vn/kqxs-bingo18,rules_available,valid,[],2026-09-03T01:05:37+00:00
bingo18,0184660,2026-09-03,confirmed,"{""digits"":[3,1,4]}","{""data_source"":""xosominhngoc_net_vn"",""has_duplicate"":false,""official_verification_status"":""pending"",""secondary_source_url"":""https://xosominhngoc.net.vn/kqxs-bingo18"",""total"":8,""upstream_claimed_source"":""Vietlott""}",[],https://xosominhngoc.net.vn/kqxs-bingo18,rules_available,valid,[],2026-09-03T05:44:24+00:00
bingo18,0184661,2026-09-03,confirmed,"{""digits"":[3,2,4]}","{""data_source"":""xosominhngoc_net_vn"",""has_duplicate"":false,""official_verification_status"":""pending"",""secondary_source_url"":""https://xosominhngoc.net.vn/kqxs-bingo18"",""total"":9,""upstream_claimed_source"":""Vietlott""}",[],https://xosominhngoc.net.vn/kqxs-bingo18,rules_available,valid,[],2026-09-03T05:44:24+00:00
bingo18,0184662,2026-09-03,confirmed,"{""digits"":[2,6,4]}","{""data_source"":""xosominhngoc_net_vn"",""has_duplicate"":false,""official_verification_status"":""pending"",""secondary_source_url"":""https://xosominhngoc.net.vn/kqxs-bingo18"",""total"":12,""upstream_claimed_source"":""Vietlott""}",[],https://xosominhngoc.net.vn/kqxs-bingo18,rules_available,valid,[],2026-09-03T05:44:24+00:00
bingo18,0184663,2026-09-03,confirmed,"{""digits"":[5,3,1]}","{""data_source"":""xosominhngoc_net_vn"",""has_duplicate"":false,""official_verification_status"":""pending"",""secondary_source_url"":""https://xosominhngoc.net.vn/kqxs-bingo18"",""total"":9,""upstream_claimed_source"":""Vietlott""}",[],https://xosominhngoc.net.vn/kqxs-bingo18,rules_available,valid,[],2026-09-03T05:44:24+00:00
bingo18,0184664,2026-09-03,confirmed,"{""digits"":[2,1,1]}","{""data_source"":""xosominhngoc_net_vn"",""has_duplicate"":true,""official_verification_status"":""pending"",""secondary_source_url"":""https://xosominhngoc.net.vn/kqxs-bingo18"",""total"":4,""upstream_claimed_source"":""Vietlott""}",[],https://xosominhngoc.net.vn/kqxs-bingo18,rules_available,valid,[],2026-09-03T05:44:24+00:00
bingo18,0184665,2026-09-03,confirmed,"{""digits"":[3,1,1]}","{""data_source"":""xosominhngoc_net_vn"",""has_duplicate"":true,""official_verification_status"":""pending"",""secondary_source_url"":""https://xosominhngoc.net.vn/kqxs-bingo18"",""total"":5,""upstream_claimed_source"":""Vietlott""}",[],https://xosominhngoc.net.vn/kqxs-bingo18,rules_available,valid,[],2026-09-03T05:44:24+00:00
bingo18,0184666,2026-09-03,confirmed,"{""digits"":[6,4,2]}","{""data_source"":""xosominhngoc_net_vn"",""has_duplicate"":false,""official_verification_status"":""pending"",""secondary_source_url"":""https://xosominhngoc.net.vn/kqxs-bingo18"",""total"":12,""upstream_claimed_source"":""Vietlott""}",[],https://xosominhngoc.net.vn/kqxs-bingo18,rules_available,valid,[],2026-09-03T05:44:24+00:00
bingo18,0184667,2026-09-03,confirmed,"{""digits"":[1,6,4]}","{""data_source"":""xosominhngoc_net_vn"",""has_duplicate"":false,""official_verification_status"":""pending"",""secondary_source_url"":""https://xosominhngoc.net.vn/kqxs-bingo18"",""total"":11,""upstream_claimed_source"":""Vietlott""}",[],https://xosominhngoc.net.vn/kqxs-bingo18,rules_available,valid,[],2026-09-03T05:44:24+00:00
bingo18,0184668,2026-09-03,confirmed,"{""digits"":[4,6,5]}","{""data_source"":""xosominhngoc_net_vn"",""has_duplicate"":false,""official_verification_status"":""pending"",""secondary_source_url"":""https://xosominhngoc.net.vn/kqxs-bingo18"",""total"":15,""upstream_claimed_source"":""Vietlott""}",[],https://xosominhngoc.net.vn/kqxs-bingo18,rules_available,valid,[],2026-09-03T05:44:24+00:00
bingo18,0184669,2026-09-03,confirmed,"{""digits"":[3,1,2]}","{""data_source"":""xosominhngoc_net_vn"",""has_duplicate"":false,""official_verification_status"":""pending"",""secondary_source_url"":""https://xosominhngoc.net.vn/kqxs-bingo18"",""total"":6,""upstream_claimed_source"":""Vietlott""}",[],https://xosominhngoc.net.vn/kqxs-bingo18,rules_available,valid,[],2026-09-03T05:44:24+00:00
bingo18,0184670,2026-09-03,confirmed,"{""digits"":[1,5,1]}","{""data_source"":""xosominhngoc_net_vn"",""has_duplicate"":true,""official_verification_status"":""pending"",""secondary_source_url"":""https://xosominhngoc.net.vn/kqxs-bingo18"",""total"":7,""upstream_claimed_source"":""Vietlott""}",[],https://xosominhngoc.net.vn/kqxs-bingo18,rules_available,valid,[],2026-09-03T05:44:24+00:00
bingo18,0184671,2026-09-03,confirmed,"{""digits"":[1,3,5]}","{""data_source"":""xosominhngoc_net_vn"",""has_duplicate"":false,""official_verification_status"":""pending"",""secondary_source_url"":""https://xosominhngoc.net.vn/kqxs-bingo18"",""total"":9,""upstream_claimed_source"":""Vietlott""}",[],https://xosominhngoc.net.vn/kqxs-bingo18,rules_available,valid,[],2026-09-03T05:44:24+00:00
bingo18,0184672,2026-09-03,confirmed,"{""digits"":[5,3,2]}","{""data_source"":""xosominhngoc_net_vn"",""has_duplicate"":false,""official_verification_status"":""pending"",""secondary_source_url"":""https://xosominhngoc.net.vn/kqxs-bingo18"",""total"":10,""upstream_claimed_source"":""Vietlott""}",[],https://xosominhngoc.net.vn/kqxs-bingo18,rules_available,valid,[],2026-09-03T05:44:24+00:00
bingo18,0184673,2026-09-03,confirmed,"{""digits"":[2,4,5]}","{""data_source"":""xosominhngoc_net_vn"",""has_duplicate"":false,""official_verification_status"":""pending"",""secondary_source_url"":""https://xosominhngoc.net.vn/kqxs-bingo18"",""total"":11,""upstream_claimed_source"":""Vietlott""}",[],https://xosominhngoc.net.vn/kqxs-bingo18,rules_available,valid,[],2026-09-03T05:44:24+00:00
bingo18,0184674,2026-09-03,confirmed,"{""digits"":[6,6,4]}","{""data_source"":""xosominhngoc_net_vn"",""has_duplicate"":true,""official_verification_status"":""pending"",""secondary_source_url"":""https://xosominhngoc.net.vn/kqxs-bingo18"",""total"":16,""upstream_claimed_source"":""Vietlott""}",[],https://xosominhngoc.net.vn/kqxs-bingo18,rules_available,valid,[],2026-09-03T05:44:24+00:00
bingo18,0184704,2026-09-03,confirmed,"{""digits"":[6,3,4]}","{""data_source"":""xosominhngoc_net_vn"",""has_duplicate"":false,""official_verification_status"":""pending"",""secondary_source_url"":""https://xosominhngoc.net.vn/kqxs-bingo18"",""total"":13,""upstream_claimed_source"":""Vietlott""}",[],https://xosominhngoc.net.vn/kqxs-bingo18,rules_available,valid,[],2026-09-03T10:07:04+00:00
bingo18,0184705,2026-09-03,confirmed,"{""digits"":[5,6,1]}","{""data_source"":""xosominhngoc_net_vn"",""has_duplicate"":false,""official_verification_status"":""pending"",""secondary_source_url"":""https://xosominhngoc.net.vn/kqxs-bingo18"",""total"":12,""upstream_claimed_source"":""Vietlott""}",[],https://xosominhngoc.net.vn/kqxs-bingo18,rules_available,valid,[],2026-09-03T10:07:04+00:00
bingo18,0184706,2026-09-03,confirmed,"{""digits"":[6,1,5]}","{""data_source"":""xosominhngoc_net_vn"",""has_duplicate"":false,""official_verification_status"":""pending"",""secondary_source_url"":""https://xosominhngoc.net.vn/kqxs-bingo18"",""total"":12,""upstream_claimed_source"":""Vietlott""}",[],https://xosominhngoc.net.vn/kqxs-bingo18,rules_available,valid,[],2026-09-03T10:07:04+00:00
bingo18,0184707,2026-09-03,confirmed,"{""digits"":[3,4,4]}","{""data_source"":""xosominhngoc_net_vn"",""has_duplicate"":true,""official_verification_status"":""pending"",""secondary_source_url"":""https://xosominhngoc.net.vn/kqxs-bingo18"",""total"":11,""upstream_claimed_source"":""Vietlott""}",[],https://xosominhngoc.net.vn/kqxs-bingo18,rules_available,valid,[],2026-09-03T10:07:04+00:00
bingo18,0184708,2026-09-03,confirmed,"{""digits"":[3,4,6]}","{""data_source"":""xosominhngoc_net_vn"",""has_duplicate"":false,""official_verification_status"":""pending"",""secondary_source_url"":""https://xosominhngoc.net.vn/kqxs-bingo18"",""total"":13,""upstream_claimed_source"":""Vietlott""}",[],https://xosominhngoc.net.vn/kqxs-bingo18,rules_available,valid,[],2026-09-03T10:07:04+00:00
bingo18,0184709,2026-09-03,confirmed,"{""digits"":[3,3,5]}","{""data_source"":""xosominhngoc_net_vn"",""has_duplicate"":true,""official_verification_status"":""pending"",""secondary_source_url"":""https://xosominhngoc.net.vn/kqxs-bingo18"",""total"":11,""upstream_claimed_source"":""Vietlott""}",[],https://xosominhngoc.net.vn/kqxs-bingo18,rules_available,valid,[],2026-09-03T10:07:04+00:00
bingo18,0184710,2026-09-03,confirmed,"{""digits"":[3,5,6]}","{""data_source"":""xosominhngoc_net_vn"",""has_duplicate"":false,""official_verification_status"":""pending"",""secondary_source_url"":""https://xosominhngoc.net.vn/kqxs-bingo18"",""total"":14,""upstream_claimed_source"":""Vietlott""}",[],https://xosominhngoc.net.vn/kqxs-bingo18,rules_available,valid,[],2026-09-03T10:07:04+00:00
bingo18,0184711,2026-09-03,confirmed,"{""digits"":[4,6,1]}","{""data_source"":""xosominhngoc_net_vn"",""has_duplicate"":false,""official_verification_status"":""pending"",""secondary_source_url"":""https://xosominhngoc.net.vn/kqxs-bingo18"",""total"":11,""upstream_claimed_source"":""Vietlott""}",[],https://xosominhngoc.net.vn/kqxs-bingo18,rules_available,valid,[],2026-09-03T10:07:04+00:00
bingo18,0184712,2026-09-03,confirmed,"{""digits"":[5,3,5]}","{""data_source"":""xosominhngoc_net_vn"",""has_duplicate"":true,""official_verification_status"":""pending"",""secondary_source_url"":""https://xosominhngoc.net.vn/kqxs-bingo18"",""total"":13,""upstream_claimed_source"":""Vietlott""}",[],https://xosominhngoc.net.vn/kqxs-bingo18,rules_available,valid,[],2026-09-03T10:07:04+00:00
bingo18,0184713,2026-09-03,confirmed,"{""digits"":[3,1,1]}","{""data_source"":""xosominhngoc_net_vn"",""has_duplicate"":true,""official_verification_status"":""pending"",""secondary_source_url"":""https://xosominhngoc.net.vn/kqxs-bingo18"",""total"":5,""upstream_claimed_source"":""Vietlott""}",[],https://xosominhngoc.net.vn/kqxs-bingo18,rules_available,valid,[],2026-09-03T10:07:04+00:00
bingo18,0184714,2026-09-03,confirmed,"{""digits"":[2,1,6]}","{""data_source"":""xosominhngoc_net_vn"",""has_duplicate"":false,""official_verification_status"":""pending"",""secondary_source_url"":""https://xosominhngoc.net.vn/kqxs-bingo18"",""total"":9,""upstream_claimed_source"":""Vietlott""}",[],https://xosominhngoc.net.vn/kqxs-bingo18,rules_available,valid,[],2026-09-03T10:07:04+00:00
bingo18,0184715,2026-09-03,confirmed,"{""digits"":[3,4,2]}","{""data_source"":""xosominhngoc_net_vn"",""has_duplicate"":false,""official_verification_status"":""pending"",""secondary_source_url"":""https://xosominhngoc.net.vn/kqxs-bingo18"",""total"":9,""upstream_claimed_source"":""Vietlott""}",[],https://xosominhngoc.net.vn/kqxs-bingo18,rules_available,valid,[],2026-09-03T10:07:04+00:00
bingo18,0184716,2026-09-03,confirmed,"{""digits"":[3,1,2]}","{""data_source"":""xosominhngoc_net_vn"",""has_duplicate"":false,""official_verification_status"":""pending"",""secondary_source_url"":""https://xosominhngoc.net.vn/kqxs-bingo18"",""total"":6,""upstream_claimed_source"":""Vietlott""}",[],https://xosominhngoc.net.vn/kqxs-bingo18,rules_available,valid,[],2026-09-03T10:07:04+00:00
bingo18,0184717,2026-09-03,confirmed,"{""digits"":[3,2,3]}","{""data_source"":""xosominhngoc_net_vn"",""has_duplicate"":true,""official_verification_status"":""pending"",""secondary_source_url"":""https://xosominhngoc.net.vn/kqxs-bingo18"",""total"":8,""upstream_claimed_source"":""Vietlott""}",[],https://xosominhngoc.net.vn/kqxs-bingo18,rules_available,valid,[],2026-09-03T10:07:04+00:00
bingo18,0184718,2026-09-03,confirmed,"{""digits"":[6,1,1]}","{""data_source"":""xosominhngoc_net_vn"",""has_duplicate"":true,""official_verification_status"":""pending"",""secondary_source_url"":""https://xosominhngoc.net.vn/kqxs-bingo18"",""total"":8,""upstream_claimed_source"":""Vietlott""}",[],https://xosominhngoc.net.vn/kqxs-bingo18,rules_available,valid,[],2026-09-03T10:07:04+00:00
bingo18,0184749,2026-09-03,confirmed,"{""digits"":[3,5,3]}","{""data_source"":""xosominhngoc_net_vn"",""has_duplicate"":true,""official_verification_status"":""pending"",""secondary_source_url"":""https://xosominhngoc.net.vn/kqxs-bingo18"",""total"":11,""upstream_claimed_source"":""Vietlott""}",[],https://xosominhngoc.net.vn/kqxs-bingo18,rules_available,valid,[],2026-09-03T14:35:06+00:00
bingo18,0184750,2026-09-03,confirmed,"{""digits"":[3,5,3]}","{""data_source"":""xosominhngoc_net_vn"",""has_duplicate"":true,""official_verification_status"":""pending"",""secondary_source_url"":""https://xosominhngoc.net.vn/kqxs-bingo18"",""total"":11,""upstream_claimed_source"":""Vietlott""}",[],https://xosominhngoc.net.vn/kqxs-bingo18,rules_available,valid,[],2026-09-03T14:35:06+00:00
bingo18,0184751,2026-09-03,confirmed,"{""digits"":[5,4,1]}","{""data_source"":""xosominhngoc_net_vn"",""has_duplicate"":false,""official_verification_status"":""pending"",""secondary_source_url"":""https://xosominhngoc.net.vn/kqxs-bingo18"",""total"":10,""upstream_claimed_source"":""Vietlott""}",[],https://xosominhngoc.net.vn/kqxs-bingo18,rules_available,valid,[],2026-09-03T14:35:06+00:00
bingo18,0184752,2026-09-03,confirmed,"{""digits"":[2,5,2]}","{""data_source"":""xosominhngoc_net_vn"",""has_duplicate"":true,""official_verification_status"":""pending"",""secondary_source_url"":""https://xosominhngoc.net.vn/kqxs-bingo18"",""total"":9,""upstream_claimed_source"":""Vietlott""}",[],https://xosominhngoc.net.vn/kqxs-bingo18,rules_available,valid,[],2026-09-03T14:35:06+00:00
bingo18,0184753,2026-09-03,confirmed,"{""digits"":[1,1,1]}","{""data_source"":""xosominhngoc_net_vn"",""has_duplicate"":true,""official_verification_status"":""pending"",""secondary_source_url"":""https://xosominhngoc.net.vn/kqxs-bingo18"",""total"":3,""upstream_claimed_source"":""Vietlott""}",[],https://xosominhngoc.net.vn/kqxs-bingo18,rules_available,valid,[],2026-09-03T14:35:06+00:00
bingo18,0184754,2026-09-03,confirmed,"{""digits"":[4,1,4]}","{""data_source"":""xosominhngoc_net_vn"",""has_duplicate"":true,""official_verification_status"":""pending"",""secondary_source_url"":""https://xosominhngoc.net.vn/kqxs-bingo18"",""total"":9,""upstream_claimed_source"":""Vietlott""}",[],https://xosominhngoc.net.vn/kqxs-bingo18,rules_available,valid,[],2026-09-03T14:35:06+00:00
bingo18,0184755,2026-09-03,confirmed,"{""digits"":[3,3,6]}","{""data_source"":""xosominhngoc_net_vn"",""has_duplicate"":true,""official_verification_status"":""pending"",""secondary_source_url"":""https://xosominhngoc.net.vn/kqxs-bingo18"",""total"":12,""upstream_claimed_source"":""Vietlott""}",[],https://xosominhngoc.net.vn/kqxs-bingo18,rules_available,valid,[],2026-09-03T14:35:06+00:00
bingo18,0184756,2026-09-03,confirmed,"{""digits"":[4,3,2]}","{""data_source"":""xosominhngoc_net_vn"",""has_duplicate"":false,""official_verification_status"":""pending"",""secondary_source_url"":""https://xosominhngoc.net.vn/kqxs-bingo18"",""total"":9,""upstream_claimed_source"":""Vietlott""}",[],https://xosominhngoc.net.vn/kqxs-bingo18,rules_available,valid,[],2026-09-03T14:35:06+00:00
bingo18,0184757,2026-09-03,confirmed,"{""digits"":[6,2,2]}","{""data_source"":""xosominhngoc_net_vn"",""has_duplicate"":true,""official_verification_status"":""pending"",""secondary_source_url"":""https://xosominhngoc.net.vn/kqxs-bingo18"",""total"":10,""upstream_claimed_source"":""Vietlott""}",[],https://xosominhngoc.net.vn/kqxs-bingo18,rules_available,valid,[],2026-09-03T14:35:06+00:00
bingo18,0184758,2026-09-03,confirmed,"{""digits"":[6,6,6]}","{""data_source"":""xosominhngoc_net_vn"",""has_duplicate"":true,""official_verification_status"":""pending"",""secondary_source_url"":""https://xosominhngoc.net.vn/kqxs-bingo18"",""total"":18,""upstream_claimed_source"":""Vietlott""}",[],https://xosominhngoc.net.vn/kqxs-bingo18,rules_available,valid,[],2026-09-03T14:35:05+00:00
bingo18,0184759,2026-09-03,confirmed,"{""digits"":[3,6,4]}","{""data_source"":""xosominhngoc_net_vn"",""has_duplicate"":false,""official_verification_status"":""pending"",""secondary_source_url"":""https://xosominhngoc.net.vn/kqxs-bingo18"",""total"":13,""upstream_claimed_source"":""Vietlott""}",[],https://xosominhngoc.net.vn/kqxs-bingo18,rules_available,valid,[],2026-09-03T14:35:05+00:00
bingo18,0184760,2026-09-03,confirmed,"{""digits"":[5,3,4]}","{""data_source"":""xosominhngoc_net_vn"",""has_duplicate"":false,""official_verification_status"":""pending"",""secondary_source_url"":""https://xosominhngoc.net.vn/kqxs-bingo18"",""total"":12,""upstream_claimed_source"":""Vietlott""}",[],https://xosominhngoc.net.vn/kqxs-bingo18,rules_available,valid,[],2026-09-03T14:35:05+00:00
bingo18,0184761,2026-09-03,confirmed,"{""digits"":[2,4,1]}","{""data_source"":""xosominhngoc_net_vn"",""has_duplicate"":false,""official_verification_status"":""pending"",""secondary_source_url"":""https://xosominhngoc.net.vn/kqxs-bingo18"",""total"":7,""upstream_claimed_source"":""Vietlott""}",[],https://xosominhngoc.net.vn/kqxs-bingo18,rules_available,valid,[],2026-09-03T14:35:05+00:00
bingo18,0184762,2026-09-03,confirmed,"{""digits"":[2,1,3]}","{""data_source"":""xosominhngoc_net_vn"",""has_duplicate"":false,""official_verification_status"":""pending"",""secondary_source_url"":""https://xosominhngoc.net.vn/kqxs-bingo18"",""total"":6,""upstream_claimed_source"":""Vietlott""}",[],https://xosominhngoc.net.vn/kqxs-bingo18,rules_available,valid,[],2026-09-03T14:35:05+00:00
bingo18,0184763,2026-09-03,confirmed,"{""digits"":[6,3,1]}","{""data_source"":""xosominhngoc_net_vn"",""has_duplicate"":false,""official_verification_status"":""pending"",""secondary_source_url"":""https://xosominhngoc.net.vn/kqxs-bingo18"",""total"":10,""upstream_claimed_source"":""Vietlott""}",[],https://xosominhngoc.net.vn/kqxs-bingo18,rules_available,valid,[],2026-09-03T14:35:05+00:00
bingo18,0184764,2026-09-03,confirmed,"{""digits"":[3,3,4]}","{""data_source"":""xosominhngoc_net_vn"",""has_duplicate"":true,""official_verification_status"":""pending"",""secondary_source_url"":""https://xosominhngoc.net.vn/kqxs-bingo18"",""total"":10,""upstream_claimed_source"":""Vietlott""}",[],https://xosominhngoc.net.vn/kqxs-bingo18,rules_available,valid,[],2026-09-03T18:01:49+00:00
bingo18,0184765,2026-09-03,confirmed,"{""digits"":[1,1,1]}","{""data_source"":""xosominhngoc_net_vn"",""has_duplicate"":true,""official_verification_status"":""pending"",""secondary_source_url"":""https://xosominhngoc.net.vn/kqxs-bingo18"",""total"":3,""upstream_claimed_source"":""Vietlott""}",[],https://xosominhngoc.net.vn/kqxs-bingo18,rules_available,valid,[],2026-09-03T18:01:49+00:00
bingo18,0184766,2026-09-03,confirmed,"{""digits"":[1,5,4]}","{""data_source"":""xosominhngoc_net_vn"",""has_duplicate"":false,""official_verification_status"":""pending"",""secondary_source_url"":""https://xosominhngoc.net.vn/kqxs-bingo18"",""total"":10,""upstream_claimed_source"":""Vietlott""}",[],https://xosominhngoc.net.vn/kqxs-bingo18,rules_available,valid,[],2026-09-03T18:01:49+00:00
bingo18,0184767,2026-09-03,confirmed,"{""digits"":[4,4,2]}","{""data_source"":""xosominhngoc_net_vn"",""has_duplicate"":true,""official_verification_status"":""pending"",""secondary_source_url"":""https://xosominhngoc.net.vn/kqxs-bingo18"",""total"":10,""upstream_claimed_source"":""Vietlott""}",[],https://xosominhngoc.net.vn/kqxs-bingo18,rules_available,valid,[],2026-09-03T18:01:49+00:00
bingo18,0184771,2026-09-04,confirmed,"{""digits"":[3,6,5]}","{""data_source"":""xosominhngoc_net_vn"",""has_duplicate"":false,""official_verification_status"":""pending"",""secondary_source_url"":""https://xosominhngoc.net.vn/kqxs-bingo18"",""total"":14,""upstream_claimed_source"":""Vietlott""}",[],https://xosominhngoc.net.vn/kqxs-bingo18,rules_available,valid,[],2026-09-04T00:55:52+00:00
bingo18,0184772,2026-09-04,confirmed,"{""digits"":[6,3,1]}","{""data_source"":""xosominhngoc_net_vn"",""has_duplicate"":false,""official_verification_status"":""pending"",""secondary_source_url"":""https://xosominhngoc.net.vn/kqxs-bingo18"",""total"":10,""upstream_claimed_source"":""Vietlott""}",[],https://xosominhngoc.net.vn/kqxs-bingo18,rules_available,valid,[],2026-09-04T00:55:52+00:00
bingo18,0184773,2026-09-04,confirmed,"{""digits"":[1,1,1]}","{""data_source"":""xosominhngoc_net_vn"",""has_duplicate"":true,""official_verification_status"":""pending"",""secondary_source_url"":""https://xosominhngoc.net.vn/kqxs-bingo18"",""total"":3,""upstream_claimed_source"":""Vietlott""}",[],https://xosominhngoc.net.vn/kqxs-bingo18,rules_available,valid,[],2026-09-04T00:55:52+00:00
bingo18,0184774,2026-09-04,confirmed,"{""digits"":[2,2,3]}","{""data_source"":""xosominhngoc_net_vn"",""has_duplicate"":true,""official_verification_status"":""pending"",""secondary_source_url"":""https://xosominhngoc.net.vn/kqxs-bingo18"",""total"":7,""upstream_claimed_source"":""Vietlott""}",[],https://xosominhngoc.net.vn/kqxs-bingo18,rules_available,valid,[],2026-09-04T00:55:52+00:00
bingo18,0184775,2026-09-04,confirmed,"{""digits"":[2,3,4]}","{""data_source"":""xosominhngoc_net_vn"",""has_duplicate"":false,""official_verification_status"":""pending"",""secondary_source_url"":""https://xosominhngoc.net.vn/kqxs-bingo18"",""total"":9,""upstream_claimed_source"":""Vietlott""}",[],https://xosominhngoc.net.vn/kqxs-bingo18,rules_available,valid,[],2026-09-04T00:55:52+00:00
bingo18,0184776,2026-09-04,confirmed,"{""digits"":[1,3,6]}","{""data_source"":""xosominhngoc_net_vn"",""has_duplicate"":false,""official_verification_status"":""pending"",""secondary_source_url"":""https://xosominhngoc.net.vn/kqxs-bingo18"",""total"":10,""upstream_claimed_source"":""Vietlott""}",[],https://xosominhngoc.net.vn/kqxs-bingo18,rules_available,valid,[],2026-09-04T00:55:52+00:00
bingo18,0184777,2026-09-04,confirmed,"{""digits"":[2,5,3]}","{""data_source"":""xosominhngoc_net_vn"",""has_duplicate"":false,""official_verification_status"":""pending"",""secondary_source_url"":""https://xosominhngoc.net.vn/kqxs-bingo18"",""total"":10,""upstream_claimed_source"":""Vietlott""}",[],https://xosominhngoc.net.vn/kqxs-bingo18,rules_available,valid,[],2026-09-04T00:55:52+00:00
bingo18,0184778,2026-09-04,confirmed,"{""digits"":[2,4,2]}","{""data_source"":""xosominhngoc_net_vn"",""has_duplicate"":true,""official_verification_status"":""pending"",""secondary_source_url"":""https://xosominhngoc.net.vn/kqxs-bingo18"",""total"":8,""upstream_claimed_source"":""Vietlott""}",[],https://xosominhngoc.net.vn/kqxs-bingo18,rules_available,valid,[],2026-09-04T00:55:52+00:00
bingo18,0184779,2026-09-04,confirmed,"{""digits"":[1,4,2]}","{""data_source"":""xosominhngoc_net_vn"",""has_duplicate"":false,""official_verification_status"":""pending"",""secondary_source_url"":""https://xosominhngoc.net.vn/kqxs-bingo18"",""total"":7,""upstream_claimed_source"":""Vietlott""}",[],https://xosominhngoc.net.vn/kqxs-bingo18,rules_available,valid,[],2026-09-04T00:55:52+00:00
bingo18,0184780,2026-09-04,confirmed,"{""digits"":[4,5,2]}","{""data_source"":""xosominhngoc_net_vn"",""has_duplicate"":false,""official_verification_status"":""pending"",""secondary_source_url"":""https://xosominhngoc.net.vn/kqxs-bingo18"",""total"":11,""upstream_claimed_source"":""Vietlott""}",[],https://xosominhngoc.net.vn/kqxs-bingo18,rules_available,valid,[],2026-09-04T00:55:52+00:00
bingo18,0184781,2026-09-04,confirmed,"{""digits"":[1,2,5]}","{""data_source"":""xosominhngoc_net_vn"",""has_duplicate"":false,""official_verification_status"":""pending"",""secondary_source_url"":""https://xosominhngoc.net.vn/kqxs-bingo18"",""total"":8,""upstream_claimed_source"":""Vietlott""}",[],https://xosominhngoc.net.vn/kqxs-bingo18,rules_available,valid,[],2026-09-04T00:55:52+00:00
bingo18,0184782,2026-09-04,confirmed,"{""digits"":[6,2,5]}","{""data_source"":""xosominhngoc_net_vn"",""has_duplicate"":false,""official_verification_status"":""pending"",""secondary_source_url"":""https://xosominhngoc.net.vn/kqxs-bingo18"",""total"":13,""upstream_claimed_source"":""Vietlott""}",[],https://xosominhngoc.net.vn/kqxs-bingo18,rules_available,valid,[],2026-09-04T00:55:52+00:00
bingo18,0184783,2026-09-04,confirmed,"{""digits"":[4,6,4]}","{""data_source"":""xosominhngoc_net_vn"",""has_duplicate"":true,""official_verification_status"":""pending"",""secondary_source_url"":""https://xosominhngoc.net.vn/kqxs-bingo18"",""total"":14,""upstream_claimed_source"":""Vietlott""}",[],https://xosominhngoc.net.vn/kqxs-bingo18,rules_available,valid,[],2026-09-04T00:55:52+00:00
bingo18,0184784,2026-09-04,confirmed,"{""digits"":[1,4,4]}","{""data_source"":""xosominhngoc_net_vn"",""has_duplicate"":true,""official_verification_status"":""pending"",""secondary_source_url"":""https://xosominhngoc.net.vn/kqxs-bingo18"",""total"":9,""upstream_claimed_source"":""Vietlott""}",[],https://xosominhngoc.net.vn/kqxs-bingo18,rules_available,valid,[],2026-09-04T00:55:52+00:00
bingo18,0184785,2026-09-04,confirmed,"{""digits"":[4,4,3]}","{""data_source"":""xosominhngoc_net_vn"",""has_duplicate"":true,""official_verification_status"":""pending"",""secondary_source_url"":""https://xosominhngoc.net.vn/kqxs-bingo18"",""total"":11,""upstream_claimed_source"":""Vietlott""}",[],https://xosominhngoc.net.vn/kqxs-bingo18,rules_available,valid,[],2026-09-04T00:55:52+00:00
bingo18,0184817,2026-09-04,confirmed,"{""digits"":[3,5,5]}","{""data_source"":""xosominhngoc_net_vn"",""has_duplicate"":true,""official_verification_status"":""pending"",""secondary_source_url"":""https://xosominhngoc.net.vn/kqxs-bingo18"",""total"":13,""upstream_claimed_source"":""Vietlott""}",[],https://xosominhngoc.net.vn/kqxs-bingo18,rules_available,valid,[],2026-09-04T05:31:47+00:00
bingo18,0184818,2026-09-04,confirmed,"{""digits"":[4,1,4]}","{""data_source"":""xosominhngoc_net_vn"",""has_duplicate"":true,""official_verification_status"":""pending"",""secondary_source_url"":""https://xosominhngoc.net.vn/kqxs-bingo18"",""total"":9,""upstream_claimed_source"":""Vietlott""}",[],https://xosominhngoc.net.vn/kqxs-bingo18,rules_available,valid,[],2026-09-04T05:31:47+00:00
bingo18,0184819,2026-09-04,confirmed,"{""digits"":[1,3,5]}","{""data_source"":""xosominhngoc_net_vn"",""has_duplicate"":false,""official_verification_status"":""pending"",""secondary_source_url"":""https://xosominhngoc.net.vn/kqxs-bingo18"",""total"":9,""upstream_claimed_source"":""Vietlott""}",[],https://xosominhngoc.net.vn/kqxs-bingo18,rules_available,valid,[],2026-09-04T05:31:47+00:00
bingo18,0184820,2026-09-04,confirmed,"{""digits"":[5,3,3]}","{""data_source"":""xosominhngoc_net_vn"",""has_duplicate"":true,""official_verification_status"":""pending"",""secondary_source_url"":""https://xosominhngoc.net.vn/kqxs-bingo18"",""total"":11,""upstream_claimed_source"":""Vietlott""}",[],https://xosominhngoc.net.vn/kqxs-bingo18,rules_available,valid,[],2026-09-04T05:31:47+00:00
bingo18,0184821,2026-09-04,confirmed,"{""digits"":[5,2,6]}","{""data_source"":""xosominhngoc_net_vn"",""has_duplicate"":false,""official_verification_status"":""pending"",""secondary_source_url"":""https://xosominhngoc.net.vn/kqxs-bingo18"",""total"":13,""upstream_claimed_source"":""Vietlott""}",[],https://xosominhngoc.net.vn/kqxs-bingo18,rules_available,valid,[],2026-09-04T05:31:47+00:00
bingo18,0184822,2026-09-04,confirmed,"{""digits"":[3,1,3]}","{""data_source"":""xosominhngoc_net_vn"",""has_duplicate"":true,""official_verification_status"":""pending"",""secondary_source_url"":""https://xosominhngoc.net.vn/kqxs-bingo18"",""total"":7,""upstream_claimed_source"":""Vietlott""}",[],https://xosominhngoc.net.vn/kqxs-bingo18,rules_available,valid,[],2026-09-04T05:31:47+00:00
bingo18,0184823,2026-09-04,confirmed,"{""digits"":[4,3,4]}","{""data_source"":""xosominhngoc_net_vn"",""has_duplicate"":true,""official_verification_status"":""pending"",""secondary_source_url"":""https://xosominhngoc.net.vn/kqxs-bingo18"",""total"":11,""upstream_claimed_source"":""Vietlott""}",[],https://xosominhngoc.net.vn/kqxs-bingo18,rules_available,valid,[],2026-09-04T05:31:47+00:00
bingo18,0184824,2026-09-04,confirmed,"{""digits"":[3,2,1]}","{""data_source"":""xosominhngoc_net_vn"",""has_duplicate"":false,""official_verification_status"":""pending"",""secondary_source_url"":""https://xosominhngoc.net.vn/kqxs-bingo18"",""total"":6,""upstream_claimed_source"":""Vietlott""}",[],https://xosominhngoc.net.vn/kqxs-bingo18,rules_available,valid,[],2026-09-04T05:31:47+00:00
bingo18,0184825,2026-09-04,confirmed,"{""digits"":[5,5,1]}","{""data_source"":""xosominhngoc_net_vn"",""has_duplicate"":true,""official_verification_status"":""pending"",""secondary_source_url"":""https://xosominhngoc.net.vn/kqxs-bingo18"",""total"":11,""upstream_claimed_source"":""Vietlott""}",[],https://xosominhngoc.net.vn/kqxs-bingo18,rules_available,valid,[],2026-09-04T05:31:47+00:00
bingo18,0184826,2026-09-04,confirmed,"{""digits"":[2,4,1]}","{""data_source"":""xosominhngoc_net_vn"",""has_duplicate"":false,""official_verification_status"":""pending"",""secondary_source_url"":""https://xosominhngoc.net.vn/kqxs-bingo18"",""total"":7,""upstream_claimed_source"":""Vietlott""}",[],https://xosominhngoc.net.vn/kqxs-bingo18,rules_available,valid,[],2026-09-04T05:31:47+00:00
bingo18,0184827,2026-09-04,confirmed,"{""digits"":[5,4,2]}","{""data_source"":""xosominhngoc_net_vn"",""has_duplicate"":false,""official_verification_status"":""pending"",""secondary_source_url"":""https://xosominhngoc.net.vn/kqxs-bingo18"",""total"":11,""upstream_claimed_source"":""Vietlott""}",[],https://xosominhngoc.net.vn/kqxs-bingo18,rules_available,valid,[],2026-09-04T05:31:47+00:00
bingo18,0184828,2026-09-04,confirmed,"{""digits"":[4,1,1]}","{""data_source"":""xosominhngoc_net_vn"",""has_duplicate"":true,""official_verification_status"":""pending"",""secondary_source_url"":""https://xosominhngoc.net.vn/kqxs-bingo18"",""total"":6,""upstream_claimed_source"":""Vietlott""}",[],https://xosominhngoc.net.vn/kqxs-bingo18,rules_available,valid,[],2026-09-04T05:31:47+00:00
bingo18,0184829,2026-09-04,confirmed,"{""digits"":[5,3,5]}","{""data_source"":""xosominhngoc_net_vn"",""has_duplicate"":true,""official_verification_status"":""pending"",""secondary_source_url"":""https://xosominhngoc.net.vn/kqxs-bingo18"",""total"":13,""upstream_claimed_source"":""Vietlott""}",[],https://xosominhngoc.net.vn/kqxs-bingo18,rules_available,valid,[],2026-09-04T05:31:47+00:00
bingo18,0184830,2026-09-04,confirmed,"{""digits"":[1,6,5]}","{""data_source"":""xosominhngoc_net_vn"",""has_duplicate"":false,""official_verification_status"":""pending"",""secondary_source_url"":""https://xosominhngoc.net.vn/kqxs-bingo18"",""total"":12,""upstream_claimed_source"":""Vietlott""}",[],https://xosominhngoc.net.vn/kqxs-bingo18,rules_available,valid,[],2026-09-04T05:31:47+00:00
bingo18,0184831,2026-09-04,confirmed,"{""digits"":[5,1,4]}","{""data_source"":""xosominhngoc_net_vn"",""has_duplicate"":false,""official_verification_status"":""pending"",""secondary_source_url"":""https://xosominhngoc.net.vn/kqxs-bingo18"",""total"":10,""upstream_claimed_source"":""Vietlott""}",[],https://xosominhngoc.net.vn/kqxs-bingo18,rules_available,valid,[],2026-09-04T05:31:47+00:00
bingo18,0184861,2026-09-04,confirmed,"{""digits"":[3,5,5]}","{""data_source"":""xosominhngoc_net_vn"",""has_duplicate"":true,""official_verification_status"":""pending"",""secondary_source_url"":""https://xosominhngoc.net.vn/kqxs-bingo18"",""total"":13,""upstream_claimed_source"":""Vietlott""}",[],https://xosominhngoc.net.vn/kqxs-bingo18,rules_available,valid,[],2026-09-04T09:54:48+00:00
bingo18,0184862,2026-09-04,confirmed,"{""digits"":[6,5,2]}","{""data_source"":""xosominhngoc_net_vn"",""has_duplicate"":false,""official_verification_status"":""pending"",""secondary_source_url"":""https://xosominhngoc.net.vn/kqxs-bingo18"",""total"":13,""upstream_claimed_source"":""Vietlott""}",[],https://xosominhngoc.net.vn/kqxs-bingo18,rules_available,valid,[],2026-09-04T09:54:48+00:00
bingo18,0184863,2026-09-04,confirmed,"{""digits"":[4,3,2]}","{""data_source"":""xosominhngoc_net_vn"",""has_duplicate"":false,""official_verification_status"":""pending"",""secondary_source_url"":""https://xosominhngoc.net.vn/kqxs-bingo18"",""total"":9,""upstream_claimed_source"":""Vietlott""}",[],https://xosominhngoc.net.vn/kqxs-bingo18,rules_available,valid,[],2026-09-04T09:54:48+00:00
bingo18,0184864,2026-09-04,confirmed,"{""digits"":[3,6,6]}","{""data_source"":""xosominhngoc_net_vn"",""has_duplicate"":true,""official_verification_status"":""pending"",""secondary_source_url"":""https://xosominhngoc.net.vn/kqxs-bingo18"",""total"":15,""upstream_claimed_source"":""Vietlott""}",[],https://xosominhngoc.net.vn/kqxs-bingo18,rules_available,valid,[],2026-09-04T09:54:48+00:00
bingo18,0184865,2026-09-04,confirmed,"{""digits"":[1,5,1]}","{""data_source"":""xosominhngoc_net_vn"",""has_duplicate"":true,""official_verification_status"":""pending"",""secondary_source_url"":""https://xosominhngoc.net.vn/kqxs-bingo18"",""total"":7,""upstream_claimed_source"":""Vietlott""}",[],https://xosominhngoc.net.vn/kqxs-bingo18,rules_available,valid,[],2026-09-04T09:54:48+00:00
bingo18,0184866,2026-09-04,confirmed,"{""digits"":[1,3,1]}","{""data_source"":""xosominhngoc_net_vn"",""has_duplicate"":true,""official_verification_status"":""pending"",""secondary_source_url"":""https://xosominhngoc.net.vn/kqxs-bingo18"",""total"":5,""upstream_claimed_source"":""Vietlott""}",[],https://xosominhngoc.net.vn/kqxs-bingo18,rules_available,valid,[],2026-09-04T09:54:48+00:00
bingo18,0184867,2026-09-04,confirmed,"{""digits"":[3,6,2]}","{""data_source"":""xosominhngoc_net_vn"",""has_duplicate"":false,""official_verification_status"":""pending"",""secondary_source_url"":""https://xosominhngoc.net.vn/kqxs-bingo18"",""total"":11,""upstream_claimed_source"":""Vietlott""}",[],https://xosominhngoc.net.vn/kqxs-bingo18,rules_available,valid,[],2026-09-04T09:54:48+00:00
bingo18,0184868,2026-09-04,confirmed,"{""digits"":[6,5,3]}","{""data_source"":""xosominhngoc_net_vn"",""has_duplicate"":false,""official_verification_status"":""pending"",""secondary_source_url"":""https://xosominhngoc.net.vn/kqxs-bingo18"",""total"":14,""upstream_claimed_source"":""Vietlott""}",[],https://xosominhngoc.net.vn/kqxs-bingo18,rules_available,valid,[],2026-09-04T09:54:48+00:00
bingo18,0184869,2026-09-04,confirmed,"{""digits"":[1,2,4]}","{""data_source"":""xosominhngoc_net_vn"",""has_duplicate"":false,""official_verification_status"":""pending"",""secondary_source_url"":""https://xosominhngoc.net.vn/kqxs-bingo18"",""total"":7,""upstream_claimed_source"":""Vietlott""}",[],https://xosominhngoc.net.vn/kqxs-bingo18,rules_available,valid,[],2026-09-04T09:54:48+00:00
bingo18,0184870,2026-09-04,confirmed,"{""digits"":[4,6,4]}","{""data_source"":""xosominhngoc_net_vn"",""has_duplicate"":true,""official_verification_status"":""pending"",""secondary_source_url"":""https://xosominhngoc.net.vn/kqxs-bingo18"",""total"":14,""upstream_claimed_source"":""Vietlott""}",[],https://xosominhngoc.net.vn/kqxs-bingo18,rules_available,valid,[],2026-09-04T09:54:48+00:00
bingo18,0184871,2026-09-04,confirmed,"{""digits"":[4,5,5]}","{""data_source"":""xosominhngoc_net_vn"",""has_duplicate"":true,""official_verification_status"":""pending"",""secondary_source_url"":""https://xosominhngoc.net.vn/kqxs-bingo18"",""total"":14,""upstream_claimed_source"":""Vietlott""}",[],https://xosominhngoc.net.vn/kqxs-bingo18,rules_available,valid,[],2026-09-04T09:54:48+00:00
bingo18,0184872,2026-09-04,confirmed,"{""digits"":[6,3,6]}","{""data_source"":""xosominhngoc_net_vn"",""has_duplicate"":true,""official_verification_status"":""pending"",""secondary_source_url"":""https://xosominhngoc.net.vn/kqxs-bingo18"",""total"":15,""upstream_claimed_source"":""Vietlott""}",[],https://xosominhngoc.net.vn/kqxs-bingo18,rules_available,valid,[],2026-09-04T09:54:48+00:00
bingo18,0184873,2026-09-04,confirmed,"{""digits"":[6,1,2]}","{""data_source"":""xosominhngoc_net_vn"",""has_duplicate"":false,""official_verification_status"":""pending"",""secondary_source_url"":""https://xosominhngoc.net.vn/kqxs-bingo18"",""total"":9,""upstream_claimed_source"":""Vietlott""}",[],https://xosominhngoc.net.vn/kqxs-bingo18,rules_available,valid,[],2026-09-04T09:54:48+00:00
bingo18,0184874,2026-09-04,confirmed,"{""digits"":[4,6,4]}","{""data_source"":""xosominhngoc_net_vn"",""has_duplicate"":true,""official_verification_status"":""pending"",""secondary_source_url"":""https://xosominhngoc.net.vn/kqxs-bingo18"",""total"":14,""upstream_claimed_source"":""Vietlott""}",[],https://xosominhngoc.net.vn/kqxs-bingo18,rules_available,valid,[],2026-09-04T09:54:48+00:00
bingo18,0184875,2026-09-04,confirmed,"{""digits"":[3,1,1]}","{""data_source"":""xosominhngoc_net_vn"",""has_duplicate"":true,""official_verification_status"":""pending"",""secondary_source_url"":""https://xosominhngoc.net.vn/kqxs-bingo18"",""total"":5,""upstream_claimed_source"":""Vietlott""}",[],https://xosominhngoc.net.vn/kqxs-bingo18,rules_available,valid,[],2026-09-04T09:54:48+00:00
bingo18,0184902,2026-09-04,confirmed,"{""digits"":[6,4,6]}","{""data_source"":""xosominhngoc_net_vn"",""has_duplicate"":true,""official_verification_status"":""pending"",""secondary_source_url"":""https://xosominhngoc.net.vn/kqxs-bingo18"",""total"":16,""upstream_claimed_source"":""Vietlott""}",[],https://xosominhngoc.net.vn/kqxs-bingo18,rules_available,valid,[],2026-09-04T13:58:41+00:00
bingo18,0184903,2026-09-04,confirmed,"{""digits"":[1,6,2]}","{""data_source"":""xosominhngoc_net_vn"",""has_duplicate"":false,""official_verification_status"":""pending"",""secondary_source_url"":""https://xosominhngoc.net.vn/kqxs-bingo18"",""total"":9,""upstream_claimed_source"":""Vietlott""}",[],https://xosominhngoc.net.vn/kqxs-bingo18,rules_available,valid,[],2026-09-04T13:58:41+00:00
bingo18,0184904,2026-09-04,confirmed,"{""digits"":[5,1,3]}","{""data_source"":""xosominhngoc_net_vn"",""has_duplicate"":false,""official_verification_status"":""pending"",""secondary_source_url"":""https://xosominhngoc.net.vn/kqxs-bingo18"",""total"":9,""upstream_claimed_source"":""Vietlott""}",[],https://xosominhngoc.net.vn/kqxs-bingo18,rules_available,valid,[],2026-09-04T13:58:41+00:00
bingo18,0184905,2026-09-04,confirmed,"{""digits"":[5,1,1]}","{""data_source"":""xosominhngoc_net_vn"",""has_duplicate"":true,""official_verification_status"":""pending"",""secondary_source_url"":""https://xosominhngoc.net.vn/kqxs-bingo18"",""total"":7,""upstream_claimed_source"":""Vietlott""}",[],https://xosominhngoc.net.vn/kqxs-bingo18,rules_available,valid,[],2026-09-04T13:58:41+00:00
bingo18,0184906,2026-09-04,confirmed,"{""digits"":[6,3,2]}","{""data_source"":""xosominhngoc_net_vn"",""has_duplicate"":false,""official_verification_status"":""pending"",""secondary_source_url"":""https://xosominhngoc.net.vn/kqxs-bingo18"",""total"":11,""upstream_claimed_source"":""Vietlott""}",[],https://xosominhngoc.net.vn/kqxs-bingo18,rules_available,valid,[],2026-09-04T13:58:41+00:00
bingo18,0184907,2026-09-04,confirmed,"{""digits"":[4,4,6]}","{""data_source"":""xosominhngoc_net_vn"",""has_duplicate"":true,""official_verification_status"":""pending"",""secondary_source_url"":""https://xosominhngoc.net.vn/kqxs-bingo18"",""total"":14,""upstream_claimed_source"":""Vietlott""}",[],https://xosominhngoc.net.vn/kqxs-bingo18,rules_available,valid,[],2026-09-04T13:58:41+00:00
bingo18,0184908,2026-09-04,confirmed,"{""digits"":[3,5,2]}","{""data_source"":""xosominhngoc_net_vn"",""has_duplicate"":false,""official_verification_status"":""pending"",""secondary_source_url"":""https://xosominhngoc.net.vn/kqxs-bingo18"",""total"":10,""upstream_claimed_source"":""Vietlott""}",[],https://xosominhngoc.net.vn/kqxs-bingo18,rules_available,valid,[],2026-09-04T13:58:41+00:00
bingo18,0184909,2026-09-04,confirmed,"{""digits"":[3,5,6]}","{""data_source"":""xosominhngoc_net_vn"",""has_duplicate"":false,""official_verification_status"":""pending"",""secondary_source_url"":""https://xosominhngoc.net.vn/kqxs-bingo18"",""total"":14,""upstream_claimed_source"":""Vietlott""}",[],https://xosominhngoc.net.vn/kqxs-bingo18,rules_available,valid,[],2026-09-04T13:58:41+00:00
bingo18,0184910,2026-09-04,confirmed,"{""digits"":[4,3,4]}","{""data_source"":""xosominhngoc_net_vn"",""has_duplicate"":true,""official_verification_status"":""pending"",""secondary_source_url"":""https://xosominhngoc.net.vn/kqxs-bingo18"",""total"":11,""upstream_claimed_source"":""Vietlott""}",[],https://xosominhngoc.net.vn/kqxs-bingo18,rules_available,valid,[],2026-09-04T13:58:41+00:00
bingo18,0184911,2026-09-04,confirmed,"{""digits"":[3,5,2]}","{""data_source"":""xosominhngoc_net_vn"",""has_duplicate"":false,""official_verification_status"":""pending"",""secondary_source_url"":""https://xosominhngoc.net.vn/kqxs-bingo18"",""total"":10,""upstream_claimed_source"":""Vietlott""}",[],https://xosominhngoc.net.vn/kqxs-bingo18,rules_available,valid,[],2026-09-04T13:58:41+00:00
bingo18,0184912,2026-09-04,confirmed,"{""digits"":[2,3,5]}","{""data_source"":""xosominhngoc_net_vn"",""has_duplicate"":false,""official_verification_status"":""pending"",""secondary_source_url"":""https://xosominhngoc.net.vn/kqxs-bingo18"",""total"":10,""upstream_claimed_source"":""Vietlott""}",[],https://xosominhngoc.net.vn/kqxs-bingo18,rules_available,valid,[],2026-09-04T13:58:41+00:00
bingo18,0184913,2026-09-04,confirmed,"{""digits"":[1,6,5]}","{""data_source"":""xosominhngoc_net_vn"",""has_duplicate"":false,""official_verification_status"":""pending"",""secondary_source_url"":""https://xosominhngoc.net.vn/kqxs-bingo18"",""total"":12,""upstream_claimed_source"":""Vietlott""}",[],https://xosominhngoc.net.vn/kqxs-bingo18,rules_available,valid,[],2026-09-04T13:58:41+00:00
bingo18,0184914,2026-09-04,confirmed,"{""digits"":[5,5,3]}","{""data_source"":""xosominhngoc_net_vn"",""has_duplicate"":true,""official_verification_status"":""pending"",""secondary_source_url"":""https://xosominhngoc.net.vn/kqxs-bingo18"",""total"":13,""upstream_claimed_source"":""Vietlott""}",[],https://xosominhngoc.net.vn/kqxs-bingo18,rules_available,valid,[],2026-09-04T13:58:41+00:00
bingo18,0184915,2026-09-04,confirmed,"{""digits"":[6,3,6]}","{""data_source"":""xosominhngoc_net_vn"",""has_duplicate"":true,""official_verification_status"":""pending"",""secondary_source_url"":""https://xosominhngoc.net.vn/kqxs-bingo18"",""total"":15,""upstream_claimed_source"":""Vietlott""}",[],https://xosominhngoc.net.vn/kqxs-bingo18,rules_available,valid,[],2026-09-04T13:58:41+00:00
bingo18,0184916,2026-09-04,confirmed,"{""digits"":[3,1,5]}","{""data_source"":""xosominhngoc_net_vn"",""has_duplicate"":false,""official_verification_status"":""pending"",""secondary_source_url"":""https://xosominhngoc.net.vn/kqxs-bingo18"",""total"":9,""upstream_claimed_source"":""Vietlott""}",[],https://xosominhngoc.net.vn/kqxs-bingo18,rules_available,valid,[],2026-09-04T13:58:41+00:00
bingo18,0184917,2026-09-04,confirmed,"{""digits"":[2,2,5]}","{""data_source"":""xosominhngoc_net_vn"",""has_duplicate"":true,""official_verification_status"":""pending"",""secondary_source_url"":""https://xosominhngoc.net.vn/kqxs-bingo18"",""total"":9,""upstream_claimed_source"":""Vietlott""}",[],https://xosominhngoc.net.vn/kqxs-bingo18,rules_available,valid,[],2026-09-04T17:34:13+00:00
bingo18,0184918,2026-09-04,confirmed,"{""digits"":[6,3,6]}","{""data_source"":""xosominhngoc_net_vn"",""has_duplicate"":true,""official_verification_status"":""pending"",""secondary_source_url"":""https://xosominhngoc.net.vn/kqxs-bingo18"",""total"":15,""upstream_claimed_source"":""Vietlott""}",[],https://xosominhngoc.net.vn/kqxs-bingo18,rules_available,valid,[],2026-09-04T17:34:13+00:00
bingo18,0184919,2026-09-04,confirmed,"{""digits"":[4,2,3]}","{""data_source"":""xosominhngoc_net_vn"",""has_duplicate"":false,""official_verification_status"":""pending"",""secondary_source_url"":""https://xosominhngoc.net.vn/kqxs-bingo18"",""total"":9,""upstream_claimed_source"":""Vietlott""}",[],https://xosominhngoc.net.vn/kqxs-bingo18,rules_available,valid,[],2026-09-04T17:34:13+00:00
bingo18,0184920,2026-09-04,confirmed,"{""digits"":[2,6,3]}","{""data_source"":""xosominhngoc_net_vn"",""has_duplicate"":false,""official_verification_status"":""pending"",""secondary_source_url"":""https://xosominhngoc.net.vn/kqxs-bingo18"",""total"":11,""upstream_claimed_source"":""Vietlott""}",[],https://xosominhngoc.net.vn/kqxs-bingo18,rules_available,valid,[],2026-09-04T17:34:13+00:00
bingo18,0184921,2026-09-04,confirmed,"{""digits"":[1,4,3]}","{""data_source"":""xosominhngoc_net_vn"",""has_duplicate"":false,""official_verification_status"":""pending"",""secondary_source_url"":""https://xosominhngoc.net.vn/kqxs-bingo18"",""total"":8,""upstream_claimed_source"":""Vietlott""}",[],https://xosominhngoc.net.vn/kqxs-bingo18,rules_available,valid,[],2026-09-04T17:34:13+00:00
bingo18,0184922,2026-09-04,confirmed,"{""digits"":[3,3,5]}","{""data_source"":""xosominhngoc_net_vn"",""has_duplicate"":true,""official_verification_status"":""pending"",""secondary_source_url"":""https://xosominhngoc.net.vn/kqxs-bingo18"",""total"":11,""upstream_claimed_source"":""Vietlott""}",[],https://xosominhngoc.net.vn/kqxs-bingo18,rules_available,valid,[],2026-09-04T17:34:13+00:00
bingo18,0184923,2026-09-04,confirmed,"{""digits"":[6,4,4]}","{""data_source"":""xosominhngoc_net_vn"",""has_duplicate"":true,""official_verification_status"":""pending"",""secondary_source_url"":""https://xosominhngoc.net.vn/kqxs-bingo18"",""total"":14,""upstream_claimed_source"":""Vietlott""}",[],https://xosominhngoc.net.vn/kqxs-bingo18,rules_available,valid,[],2026-09-04T17:34:13+00:00
bingo18,0184924,2026-09-04,confirmed,"{""digits"":[5,1,4]}","{""data_source"":""xosominhngoc_net_vn"",""has_duplicate"":false,""official_verification_status"":""pending"",""secondary_source_url"":""https://xosominhngoc.net.vn/kqxs-bingo18"",""total"":10,""upstream_claimed_source"":""Vietlott""}",[],https://xosominhngoc.net.vn/kqxs-bingo18,rules_available,valid,[],2026-09-04T17:34:13+00:00
bingo18,0184925,2026-09-04,confirmed,"{""digits"":[5,1,3]}","{""data_source"":""xosominhngoc_net_vn"",""has_duplicate"":false,""official_verification_status"":""pending"",""secondary_source_url"":""https://xosominhngoc.net.vn/kqxs-bingo18"",""total"":9,""upstream_claimed_source"":""Vietlott""}",[],https://xosominhngoc.net.vn/kqxs-bingo18,rules_available,valid,[],2026-09-04T17:34:13+00:00
bingo18,0184926,2026-09-04,confirmed,"{""digits"":[1,4,5]}","{""data_source"":""xosominhngoc_net_vn"",""has_duplicate"":false,""official_verification_status"":""pending"",""secondary_source_url"":""https://xosominhngoc.net.vn/kqxs-bingo18"",""total"":10,""upstream_claimed_source"":""Vietlott""}",[],https://xosominhngoc.net.vn/kqxs-bingo18,rules_available,valid,[],2026-09-04T17:34:13+00:00
bingo18,0184929,2026-09-05,confirmed,"{""digits"":[4,6,3]}","{""data_source"":""xosominhngoc_net_vn"",""has_duplicate"":false,""official_verification_status"":""pending"",""secondary_source_url"":""https://xosominhngoc.net.vn/kqxs-bingo18"",""total"":13,""upstream_claimed_source"":""Vietlott""}",[],https://xosominhngoc.net.vn/kqxs-bingo18,rules_available,valid,[],2026-09-05T00:50:53+00:00
bingo18,0184930,2026-09-05,confirmed,"{""digits"":[2,5,5]}","{""data_source"":""xosominhngoc_net_vn"",""has_duplicate"":true,""official_verification_status"":""pending"",""secondary_source_url"":""https://xosominhngoc.net.vn/kqxs-bingo18"",""total"":12,""upstream_claimed_source"":""Vietlott""}",[],https://xosominhngoc.net.vn/kqxs-bingo18,rules_available,valid,[],2026-09-05T00:50:53+00:00
bingo18,0184931,2026-09-05,confirmed,"{""digits"":[5,4,3]}","{""data_source"":""xosominhngoc_net_vn"",""has_duplicate"":false,""official_verification_status"":""pending"",""secondary_source_url"":""https://xosominhngoc.net.vn/kqxs-bingo18"",""total"":12,""upstream_claimed_source"":""Vietlott""}",[],https://xosominhngoc.net.vn/kqxs-bingo18,rules_available,valid,[],2026-09-05T00:50:53+00:00
bingo18,0184932,2026-09-05,confirmed,"{""digits"":[1,4,1]}","{""data_source"":""xosominhngoc_net_vn"",""has_duplicate"":true,""official_verification_status"":""pending"",""secondary_source_url"":""https://xosominhngoc.net.vn/kqxs-bingo18"",""total"":6,""upstream_claimed_source"":""Vietlott""}",[],https://xosominhngoc.net.vn/kqxs-bingo18,rules_available,valid,[],2026-09-05T00:50:53+00:00
bingo18,0184933,2026-09-05,confirmed,"{""digits"":[5,3,1]}","{""data_source"":""xosominhngoc_net_vn"",""has_duplicate"":false,""official_verification_status"":""pending"",""secondary_source_url"":""https://xosominhngoc.net.vn/kqxs-bingo18"",""total"":9,""upstream_claimed_source"":""Vietlott""}",[],https://xosominhngoc.net.vn/kqxs-bingo18,rules_available,valid,[],2026-09-05T00:50:53+00:00
bingo18,0184934,2026-09-05,confirmed,"{""digits"":[6,2,5]}","{""data_source"":""xosominhngoc_net_vn"",""has_duplicate"":false,""official_verification_status"":""pending"",""secondary_source_url"":""https://xosominhngoc.net.vn/kqxs-bingo18"",""total"":13,""upstream_claimed_source"":""Vietlott""}",[],https://xosominhngoc.net.vn/kqxs-bingo18,rules_available,valid,[],2026-09-05T00:50:53+00:00
bingo18,0184935,2026-09-05,confirmed,"{""digits"":[5,3,6]}","{""data_source"":""xosominhngoc_net_vn"",""has_duplicate"":false,""official_verification_status"":""pending"",""secondary_source_url"":""https://xosominhngoc.net.vn/kqxs-bingo18"",""total"":14,""upstream_claimed_source"":""Vietlott""}",[],https://xosominhngoc.net.vn/kqxs-bingo18,rules_available,valid,[],2026-09-05T00:50:53+00:00
bingo18,0184936,2026-09-05,confirmed,"{""digits"":[6,3,5]}","{""data_source"":""xosominhngoc_net_vn"",""has_duplicate"":false,""official_verification_status"":""pending"",""secondary_source_url"":""https://xosominhngoc.net.vn/kqxs-bingo18"",""total"":14,""upstream_claimed_source"":""Vietlott""}",[],https://xosominhngoc.net.vn/kqxs-bingo18,rules_available,valid,[],2026-09-05T00:50:53+00:00
bingo18,0184937,2026-09-05,confirmed,"{""digits"":[6,4,3]}","{""data_source"":""xosominhngoc_net_vn"",""has_duplicate"":false,""official_verification_status"":""pending"",""secondary_source_url"":""https://xosominhngoc.net.vn/kqxs-bingo18"",""total"":13,""upstream_claimed_source"":""Vietlott""}",[],https://xosominhngoc.net.vn/kqxs-bingo18,rules_available,valid,[],2026-09-05T00:50:53+00:00
bingo18,0184938,2026-09-05,confirmed,"{""digits"":[4,3,2]}","{""data_source"":""xosominhngoc_net_vn"",""has_duplicate"":false,""official_verification_status"":""pending"",""secondary_source_url"":""https://xosominhngoc.net.vn/kqxs-bingo18"",""total"":9,""upstream_claimed_source"":""Vietlott""}",[],https://xosominhngoc.net.vn/kqxs-bingo18,rules_available,valid,[],2026-09-05T00:50:53+00:00
bingo18,0184939,2026-09-05,confirmed,"{""digits"":[6,5,4]}","{""data_source"":""xosominhngoc_net_vn"",""has_duplicate"":false,""official_verification_status"":""pending"",""secondary_source_url"":""https://xosominhngoc.net.vn/kqxs-bingo18"",""total"":15,""upstream_claimed_source"":""Vietlott""}",[],https://xosominhngoc.net.vn/kqxs-bingo18,rules_available,valid,[],2026-09-05T00:50:53+00:00
bingo18,0184940,2026-09-05,confirmed,"{""digits"":[2,4,2]}","{""data_source"":""xosominhngoc_net_vn"",""has_duplicate"":true,""official_verification_status"":""pending"",""secondary_source_url"":""https://xosominhngoc.net.vn/kqxs-bingo18"",""total"":8,""upstream_claimed_source"":""Vietlott""}",[],https://xosominhngoc.net.vn/kqxs-bingo18,rules_available,valid,[],2026-09-05T00:50:53+00:00
bingo18,0184941,2026-09-05,confirmed,"{""digits"":[3,1,3]}","{""data_source"":""xosominhngoc_net_vn"",""has_duplicate"":true,""official_verification_status"":""pending"",""secondary_source_url"":""https://xosominhngoc.net.vn/kqxs-bingo18"",""total"":7,""upstream_claimed_source"":""Vietlott""}",[],https://xosominhngoc.net.vn/kqxs-bingo18,rules_available,valid,[],2026-09-05T00:50:53+00:00
bingo18,0184942,2026-09-05,confirmed,"{""digits"":[4,1,1]}","{""data_source"":""xosominhngoc_net_vn"",""has_duplicate"":true,""official_verification_status"":""pending"",""secondary_source_url"":""https://xosominhngoc.net.vn/kqxs-bingo18"",""total"":6,""upstream_claimed_source"":""Vietlott""}",[],https://xosominhngoc.net.vn/kqxs-bingo18,rules_available,valid,[],2026-09-05T00:50:53+00:00
bingo18,0184943,2026-09-05,confirmed,"{""digits"":[1,5,5]}","{""data_source"":""xosominhngoc_net_vn"",""has_duplicate"":true,""official_verification_status"":""pending"",""secondary_source_url"":""https://xosominhngoc.net.vn/kqxs-bingo18"",""total"":11,""upstream_claimed_source"":""Vietlott""}",[],https://xosominhngoc.net.vn/kqxs-bingo18,rules_available,valid,[],2026-09-05T00:50:53+00:00
bingo18,0184971,2026-09-05,confirmed,"{""digits"":[3,1,6]}","{""data_source"":""xosominhngoc_net_vn"",""has_duplicate"":false,""official_verification_status"":""pending"",""secondary_source_url"":""https://xosominhngoc.net.vn/kqxs-bingo18"",""total"":10,""upstream_claimed_source"":""Vietlott""}",[],https://xosominhngoc.net.vn/kqxs-bingo18,rules_available,valid,[],2026-09-05T04:59:54+00:00
bingo18,0184972,2026-09-05,confirmed,"{""digits"":[4,6,5]}","{""data_source"":""xosominhngoc_net_vn"",""has_duplicate"":false,""official_verification_status"":""pending"",""secondary_source_url"":""https://xosominhngoc.net.vn/kqxs-bingo18"",""total"":15,""upstream_claimed_source"":""Vietlott""}",[],https://xosominhngoc.net.vn/kqxs-bingo18,rules_available,valid,[],2026-09-05T04:59:54+00:00
bingo18,0184973,2026-09-05,confirmed,"{""digits"":[2,2,4]}","{""data_source"":""xosominhngoc_net_vn"",""has_duplicate"":true,""official_verification_status"":""pending"",""secondary_source_url"":""https://xosominhngoc.net.vn/kqxs-bingo18"",""total"":8,""upstream_claimed_source"":""Vietlott""}",[],https://xosominhngoc.net.vn/kqxs-bingo18,rules_available,valid,[],2026-09-05T04:59:54+00:00
bingo18,0184974,2026-09-05,confirmed,"{""digits"":[2,6,5]}","{""data_source"":""xosominhngoc_net_vn"",""has_duplicate"":false,""official_verification_status"":""pending"",""secondary_source_url"":""https://xosominhngoc.net.vn/kqxs-bingo18"",""total"":13,""upstream_claimed_source"":""Vietlott""}",[],https://xosominhngoc.net.vn/kqxs-bingo18,rules_available,valid,[],2026-09-05T04:59:54+00:00
bingo18,0184975,2026-09-05,confirmed,"{""digits"":[2,3,2]}","{""data_source"":""xosominhngoc_net_vn"",""has_duplicate"":true,""official_verification_status"":""pending"",""secondary_source_url"":""https://xosominhngoc.net.vn/kqxs-bingo18"",""total"":7,""upstream_claimed_source"":""Vietlott""}",[],https://xosominhngoc.net.vn/kqxs-bingo18,rules_available,valid,[],2026-09-05T04:59:54+00:00
bingo18,0184976,2026-09-05,confirmed,"{""digits"":[4,2,2]}","{""data_source"":""xosominhngoc_net_vn"",""has_duplicate"":true,""official_verification_status"":""pending"",""secondary_source_url"":""https://xosominhngoc.net.vn/kqxs-bingo18"",""total"":8,""upstream_claimed_source"":""Vietlott""}",[],https://xosominhngoc.net.vn/kqxs-bingo18,rules_available,valid,[],2026-09-05T04:59:54+00:00
bingo18,0184977,2026-09-05,confirmed,"{""digits"":[4,3,1]}","{""data_source"":""xosominhngoc_net_vn"",""has_duplicate"":false,""official_verification_status"":""pending"",""secondary_source_url"":""https://xosominhngoc.net.vn/kqxs-bingo18"",""total"":8,""upstream_claimed_source"":""Vietlott""}",[],https://xosominhngoc.net.vn/kqxs-bingo18,rules_available,valid,[],2026-09-05T04:59:54+00:00
bingo18,0184978,2026-09-05,confirmed,"{""digits"":[4,5,3]}","{""data_source"":""xosominhngoc_net_vn"",""has_duplicate"":false,""official_verification_status"":""pending"",""secondary_source_url"":""https://xosominhngoc.net.vn/kqxs-bingo18"",""total"":12,""upstream_claimed_source"":""Vietlott""}",[],https://xosominhngoc.net.vn/kqxs-bingo18,rules_available,valid,[],2026-09-05T04:59:54+00:00
bingo18,0184979,2026-09-05,confirmed,"{""digits"":[5,2,5]}","{""data_source"":""xosominhngoc_net_vn"",""has_duplicate"":true,""official_verification_status"":""pending"",""secondary_source_url"":""https://xosominhngoc.net.vn/kqxs-bingo18"",""total"":12,""upstream_claimed_source"":""Vietlott""}",[],https://xosominhngoc.net.vn/kqxs-bingo18,rules_available,valid,[],2026-09-05T04:59:54+00:00
bingo18,0184980,2026-09-05,confirmed,"{""digits"":[2,4,6]}","{""data_source"":""xosominhngoc_net_vn"",""has_duplicate"":false,""official_verification_status"":""pending"",""secondary_source_url"":""https://xosominhngoc.net.vn/kqxs-bingo18"",""total"":12,""upstream_claimed_source"":""Vietlott""}",[],https://xosominhngoc.net.vn/kqxs-bingo18,rules_available,valid,[],2026-09-05T04:59:54+00:00
bingo18,0184981,2026-09-05,confirmed,"{""digits"":[5,6,3]}","{""data_source"":""xosominhngoc_net_vn"",""has_duplicate"":false,""official_verification_status"":""pending"",""secondary_source_url"":""https://xosominhngoc.net.vn/kqxs-bingo18"",""total"":14,""upstream_claimed_source"":""Vietlott""}",[],https://xosominhngoc.net.vn/kqxs-bingo18,rules_available,valid,[],2026-09-05T04:59:54+00:00
bingo18,0184982,2026-09-05,confirmed,"{""digits"":[2,2,4]}","{""data_source"":""xosominhngoc_net_vn"",""has_duplicate"":true,""official_verification_status"":""pending"",""secondary_source_url"":""https://xosominhngoc.net.vn/kqxs-bingo18"",""total"":8,""upstream_claimed_source"":""Vietlott""}",[],https://xosominhngoc.net.vn/kqxs-bingo18,rules_available,valid,[],2026-09-05T04:59:54+00:00
bingo18,0184983,2026-09-05,confirmed,"{""digits"":[3,2,6]}","{""data_source"":""xosominhngoc_net_vn"",""has_duplicate"":false,""official_verification_status"":""pending"",""secondary_source_url"":""https://xosominhngoc.net.vn/kqxs-bingo18"",""total"":11,""upstream_claimed_source"":""Vietlott""}",[],https://xosominhngoc.net.vn/kqxs-bingo18,rules_available,valid,[],2026-09-05T04:59:54+00:00
bingo18,0184984,2026-09-05,confirmed,"{""digits"":[2,5,2]}","{""data_source"":""xosominhngoc_net_vn"",""has_duplicate"":true,""official_verification_status"":""pending"",""secondary_source_url"":""https://xosominhngoc.net.vn/kqxs-bingo18"",""total"":9,""upstream_claimed_source"":""Vietlott""}",[],https://xosominhngoc.net.vn/kqxs-bingo18,rules_available,valid,[],2026-09-05T04:59:54+00:00
bingo18,0184985,2026-09-05,confirmed,"{""digits"":[5,4,5]}","{""data_source"":""xosominhngoc_net_vn"",""has_duplicate"":true,""official_verification_status"":""pending"",""secondary_source_url"":""https://xosominhngoc.net.vn/kqxs-bingo18"",""total"":14,""upstream_claimed_source"":""Vietlott""}",[],https://xosominhngoc.net.vn/kqxs-bingo18,rules_available,valid,[],2026-09-05T04:59:54+00:00
bingo18,0185011,2026-09-05,confirmed,"{""digits"":[3,3,1]}","{""data_source"":""xosominhngoc_net_vn"",""has_duplicate"":true,""official_verification_status"":""pending"",""secondary_source_url"":""https://xosominhngoc.net.vn/kqxs-bingo18"",""total"":7,""upstream_claimed_source"":""Vietlott""}",[],https://xosominhngoc.net.vn/kqxs-bingo18,rules_available,valid,[],2026-09-05T08:58:29+00:00
bingo18,0185012,2026-09-05,confirmed,"{""digits"":[1,5,1]}","{""data_source"":""xosominhngoc_net_vn"",""has_duplicate"":true,""official_verification_status"":""pending"",""secondary_source_url"":""https://xosominhngoc.net.vn/kqxs-bingo18"",""total"":7,""upstream_claimed_source"":""Vietlott""}",[],https://xosominhngoc.net.vn/kqxs-bingo18,rules_available,valid,[],2026-09-05T08:58:29+00:00
bingo18,0185013,2026-09-05,confirmed,"{""digits"":[4,4,4]}","{""data_source"":""xosominhngoc_net_vn"",""has_duplicate"":true,""official_verification_status"":""pending"",""secondary_source_url"":""https://xosominhngoc.net.vn/kqxs-bingo18"",""total"":12,""upstream_claimed_source"":""Vietlott""}",[],https://xosominhngoc.net.vn/kqxs-bingo18,rules_available,valid,[],2026-09-05T08:58:29+00:00
bingo18,0185014,2026-09-05,confirmed,"{""digits"":[2,2,1]}","{""data_source"":""xosominhngoc_net_vn"",""has_duplicate"":true,""official_verification_status"":""pending"",""secondary_source_url"":""https://xosominhngoc.net.vn/kqxs-bingo18"",""total"":5,""upstream_claimed_source"":""Vietlott""}",[],https://xosominhngoc.net.vn/kqxs-bingo18,rules_available,valid,[],2026-09-05T08:58:29+00:00
bingo18,0185015,2026-09-05,confirmed,"{""digits"":[2,3,3]}","{""data_source"":""xosominhngoc_net_vn"",""has_duplicate"":true,""official_verification_status"":""pending"",""secondary_source_url"":""https://xosominhngoc.net.vn/kqxs-bingo18"",""total"":8,""upstream_claimed_source"":""Vietlott""}",[],https://xosominhngoc.net.vn/kqxs-bingo18,rules_available,valid,[],2026-09-05T08:58:29+00:00
bingo18,0185016,2026-09-05,confirmed,"{""digits"":[3,6,2]}","{""data_source"":""xosominhngoc_net_vn"",""has_duplicate"":false,""official_verification_status"":""pending"",""secondary_source_url"":""https://xosominhngoc.net.vn/kqxs-bingo18"",""total"":11,""upstream_claimed_source"":""Vietlott""}",[],https://xosominhngoc.net.vn/kqxs-bingo18,rules_available,valid,[],2026-09-05T08:58:29+00:00
bingo18,0185017,2026-09-05,confirmed,"{""digits"":[6,4,2]}","{""data_source"":""xosominhngoc_net_vn"",""has_duplicate"":false,""official_verification_status"":""pending"",""secondary_source_url"":""https://xosominhngoc.net.vn/kqxs-bingo18"",""total"":12,""upstream_claimed_source"":""Vietlott""}",[],https://xosominhngoc.net.vn/kqxs-bingo18,rules_available,valid,[],2026-09-05T08:58:29+00:00
bingo18,0185018,2026-09-05,confirmed,"{""digits"":[6,2,4]}","{""data_source"":""xosominhngoc_net_vn"",""has_duplicate"":false,""official_verification_status"":""pending"",""secondary_source_url"":""https://xosominhngoc.net.vn/kqxs-bingo18"",""total"":12,""upstream_claimed_source"":""Vietlott""}",[],https://xosominhngoc.net.vn/kqxs-bingo18,rules_available,valid,[],2026-09-05T08:58:29+00:00
bingo18,0185019,2026-09-05,confirmed,"{""digits"":[3,5,1]}","{""data_source"":""xosominhngoc_net_vn"",""has_duplicate"":false,""official_verification_status"":""pending"",""secondary_source_url"":""https://xosominhngoc.net.vn/kqxs-bingo18"",""total"":9,""upstream_claimed_source"":""Vietlott""}",[],https://xosominhngoc.net.vn/kqxs-bingo18,rules_available,valid,[],2026-09-05T08:58:29+00:00
bingo18,0185020,2026-09-05,confirmed,"{""digits"":[1,4,6]}","{""data_source"":""xosominhngoc_net_vn"",""has_duplicate"":false,""official_verification_status"":""pending"",""secondary_source_url"":""https://xosominhngoc.net.vn/kqxs-bingo18"",""total"":11,""upstream_claimed_source"":""Vietlott""}",[],https://xosominhngoc.net.vn/kqxs-bingo18,rules_available,valid,[],2026-09-05T08:58:29+00:00
bingo18,0185021,2026-09-05,confirmed,"{""digits"":[6,1,4]}","{""data_source"":""xosominhngoc_net_vn"",""has_duplicate"":false,""official_verification_status"":""pending"",""secondary_source_url"":""https://xosominhngoc.net.vn/kqxs-bingo18"",""total"":11,""upstream_claimed_source"":""Vietlott""}",[],https://xosominhngoc.net.vn/kqxs-bingo18,rules_available,valid,[],2026-09-05T08:58:29+00:00
bingo18,0185022,2026-09-05,confirmed,"{""digits"":[3,6,2]}","{""data_source"":""xosominhngoc_net_vn"",""has_duplicate"":false,""official_verification_status"":""pending"",""secondary_source_url"":""https://xosominhngoc.net.vn/kqxs-bingo18"",""total"":11,""upstream_claimed_source"":""Vietlott""}",[],https://xosominhngoc.net.vn/kqxs-bingo18,rules_available,valid,[],2026-09-05T08:58:29+00:00
bingo18,0185023,2026-09-05,confirmed,"{""digits"":[3,3,3]}","{""data_source"":""xosominhngoc_net_vn"",""has_duplicate"":true,""official_verification_status"":""pending"",""secondary_source_url"":""https://xosominhngoc.net.vn/kqxs-bingo18"",""total"":9,""upstream_claimed_source"":""Vietlott""}",[],https://xosominhngoc.net.vn/kqxs-bingo18,rules_available,valid,[],2026-09-05T08:58:29+00:00
bingo18,0185024,2026-09-05,confirmed,"{""digits"":[5,3,5]}","{""data_source"":""xosominhngoc_net_vn"",""has_duplicate"":true,""official_verification_status"":""pending"",""secondary_source_url"":""https://xosominhngoc.net.vn/kqxs-bingo18"",""total"":13,""upstream_claimed_source"":""Vietlott""}",[],https://xosominhngoc.net.vn/kqxs-bingo18,rules_available,valid,[],2026-09-05T08:58:29+00:00
bingo18,0185025,2026-09-05,confirmed,"{""digits"":[5,3,4]}","{""data_source"":""xosominhngoc_net_vn"",""has_duplicate"":false,""official_verification_status"":""pending"",""secondary_source_url"":""https://xosominhngoc.net.vn/kqxs-bingo18"",""total"":12,""upstream_claimed_source"":""Vietlott""}",[],https://xosominhngoc.net.vn/kqxs-bingo18,rules_available,valid,[],2026-09-05T08:58:29+00:00
bingo18,0185047,2026-09-05,confirmed,"{""digits"":[2,1,6]}","{""data_source"":""xosominhngoc_net_vn"",""has_duplicate"":false,""official_verification_status"":""pending"",""secondary_source_url"":""https://xosominhngoc.net.vn/kqxs-bingo18"",""total"":9,""upstream_claimed_source"":""Vietlott""}",[],https://xosominhngoc.net.vn/kqxs-bingo18,rules_available,valid,[],2026-09-05T12:37:04+00:00
bingo18,0185048,2026-09-05,confirmed,"{""digits"":[2,6,1]}","{""data_source"":""xosominhngoc_net_vn"",""has_duplicate"":false,""official_verification_status"":""pending"",""secondary_source_url"":""https://xosominhngoc.net.vn/kqxs-bingo18"",""total"":9,""upstream_claimed_source"":""Vietlott""}",[],https://xosominhngoc.net.vn/kqxs-bingo18,rules_available,valid,[],2026-09-05T12:37:04+00:00
bingo18,0185049,2026-09-05,confirmed,"{""digits"":[5,2,6]}","{""data_source"":""xosominhngoc_net_vn"",""has_duplicate"":false,""official_verification_status"":""pending"",""secondary_source_url"":""https://xosominhngoc.net.vn/kqxs-bingo18"",""total"":13,""upstream_claimed_source"":""Vietlott""}",[],https://xosominhngoc.net.vn/kqxs-bingo18,rules_available,valid,[],2026-09-05T12:37:04+00:00
bingo18,0185050,2026-09-05,confirmed,"{""digits"":[2,4,3]}","{""data_source"":""xosominhngoc_net_vn"",""has_duplicate"":false,""official_verification_status"":""pending"",""secondary_source_url"":""https://xosominhngoc.net.vn/kqxs-bingo18"",""total"":9,""upstream_claimed_source"":""Vietlott""}",[],https://xosominhngoc.net.vn/kqxs-bingo18,rules_available,valid,[],2026-09-05T12:37:04+00:00
bingo18,0185051,2026-09-05,confirmed,"{""digits"":[6,5,4]}","{""data_source"":""xosominhngoc_net_vn"",""has_duplicate"":false,""official_verification_status"":""pending"",""secondary_source_url"":""https://xosominhngoc.net.vn/kqxs-bingo18"",""total"":15,""upstream_claimed_source"":""Vietlott""}",[],https://xosominhngoc.net.vn/kqxs-bingo18,rules_available,valid,[],2026-09-05T12:37:04+00:00
bingo18,0185052,2026-09-05,confirmed,"{""digits"":[6,4,1]}","{""data_source"":""xosominhngoc_net_vn"",""has_duplicate"":false,""official_verification_status"":""pending"",""secondary_source_url"":""https://xosominhngoc.net.vn/kqxs-bingo18"",""total"":11,""upstream_claimed_source"":""Vietlott""}",[],https://xosominhngoc.net.vn/kqxs-bingo18,rules_available,valid,[],2026-09-05T12:37:04+00:00
bingo18,0185053,2026-09-05,confirmed,"{""digits"":[5,4,6]}","{""data_source"":""xosominhngoc_net_vn"",""has_duplicate"":false,""official_verification_status"":""pending"",""secondary_source_url"":""https://xosominhngoc.net.vn/kqxs-bingo18"",""total"":15,""upstream_claimed_source"":""Vietlott""}",[],https://xosominhngoc.net.vn/kqxs-bingo18,rules_available,valid,[],2026-09-05T12:37:04+00:00
bingo18,0185054,2026-09-05,confirmed,"{""digits"":[4,3,2]}","{""data_source"":""xosominhngoc_net_vn"",""has_duplicate"":false,""official_verification_status"":""pending"",""secondary_source_url"":""https://xosominhngoc.net.vn/kqxs-bingo18"",""total"":9,""upstream_claimed_source"":""Vietlott""}",[],https://xosominhngoc.net.vn/kqxs-bingo18,rules_available,valid,[],2026-09-05T12:37:04+00:00
bingo18,0185055,2026-09-05,confirmed,"{""digits"":[5,3,1]}","{""data_source"":""xosominhngoc_net_vn"",""has_duplicate"":false,""official_verification_status"":""pending"",""secondary_source_url"":""https://xosominhngoc.net.vn/kqxs-bingo18"",""total"":9,""upstream_claimed_source"":""Vietlott""}",[],https://xosominhngoc.net.vn/kqxs-bingo18,rules_available,valid,[],2026-09-05T12:37:04+00:00
bingo18,0185056,2026-09-05,confirmed,"{""digits"":[6,6,6]}","{""data_source"":""xosominhngoc_net_vn"",""has_duplicate"":true,""official_verification_status"":""pending"",""secondary_source_url"":""https://xosominhngoc.net.vn/kqxs-bingo18"",""total"":18,""upstream_claimed_source"":""Vietlott""}",[],https://xosominhngoc.net.vn/kqxs-bingo18,rules_available,valid,[],2026-09-05T12:37:04+00:00
bingo18,0185057,2026-09-05,confirmed,"{""digits"":[3,5,4]}","{""data_source"":""xosominhngoc_net_vn"",""has_duplicate"":false,""official_verification_status"":""pending"",""secondary_source_url"":""https://xosominhngoc.net.vn/kqxs-bingo18"",""total"":12,""upstream_claimed_source"":""Vietlott""}",[],https://xosominhngoc.net.vn/kqxs-bingo18,rules_available,valid,[],2026-09-05T12:37:04+00:00
bingo18,0185058,2026-09-05,confirmed,"{""digits"":[2,5,1]}","{""data_source"":""xosominhngoc_net_vn"",""has_duplicate"":false,""official_verification_status"":""pending"",""secondary_source_url"":""https://xosominhngoc.net.vn/kqxs-bingo18"",""total"":8,""upstream_claimed_source"":""Vietlott""}",[],https://xosominhngoc.net.vn/kqxs-bingo18,rules_available,valid,[],2026-09-05T12:37:04+00:00
bingo18,0185059,2026-09-05,confirmed,"{""digits"":[3,2,4]}","{""data_source"":""xosominhngoc_net_vn"",""has_duplicate"":false,""official_verification_status"":""pending"",""secondary_source_url"":""https://xosominhngoc.net.vn/kqxs-bingo18"",""total"":9,""upstream_claimed_source"":""Vietlott""}",[],https://xosominhngoc.net.vn/kqxs-bingo18,rules_available,valid,[],2026-09-05T12:37:04+00:00
bingo18,0185060,2026-09-05,confirmed,"{""digits"":[3,3,4]}","{""data_source"":""xosominhngoc_net_vn"",""has_duplicate"":true,""official_verification_status"":""pending"",""secondary_source_url"":""https://xosominhngoc.net.vn/kqxs-bingo18"",""total"":10,""upstream_claimed_source"":""Vietlott""}",[],https://xosominhngoc.net.vn/kqxs-bingo18,rules_available,valid,[],2026-09-05T12:37:04+00:00
bingo18,0185061,2026-09-05,confirmed,"{""digits"":[1,1,5]}","{""data_source"":""xosominhngoc_net_vn"",""has_duplicate"":true,""official_verification_status"":""pending"",""secondary_source_url"":""https://xosominhngoc.net.vn/kqxs-bingo18"",""total"":7,""upstream_claimed_source"":""Vietlott""}",[],https://xosominhngoc.net.vn/kqxs-bingo18,rules_available,valid,[],2026-09-05T12:37:04+00:00
bingo18,0185071,2026-09-05,confirmed,"{""digits"":[6,6,5]}","{""data_source"":""xosominhngoc_net_vn"",""has_duplicate"":true,""official_verification_status"":""pending"",""secondary_source_url"":""https://xosominhngoc.net.vn/kqxs-bingo18"",""total"":17,""upstream_claimed_source"":""Vietlott""}",[],https://xosominhngoc.net.vn/kqxs-bingo18,rules_available,valid,[],2026-09-05T15:34:46+00:00
bingo18,0185072,2026-09-05,confirmed,"{""digits"":[2,2,6]}","{""data_source"":""xosominhngoc_net_vn"",""has_duplicate"":true,""official_verification_status"":""pending"",""secondary_source_url"":""https://xosominhngoc.net.vn/kqxs-bingo18"",""total"":10,""upstream_claimed_source"":""Vietlott""}",[],https://xosominhngoc.net.vn/kqxs-bingo18,rules_available,valid,[],2026-09-05T15:34:46+00:00
bingo18,0185073,2026-09-05,confirmed,"{""digits"":[4,1,3]}","{""data_source"":""xosominhngoc_net_vn"",""has_duplicate"":false,""official_verification_status"":""pending"",""secondary_source_url"":""https://xosominhngoc.net.vn/kqxs-bingo18"",""total"":8,""upstream_claimed_source"":""Vietlott""}",[],https://xosominhngoc.net.vn/kqxs-bingo18,rules_available,valid,[],2026-09-05T15:34:46+00:00
bingo18,0185074,2026-09-05,confirmed,"{""digits"":[1,3,5]}","{""data_source"":""xosominhngoc_net_vn"",""has_duplicate"":false,""official_verification_status"":""pending"",""secondary_source_url"":""https://xosominhngoc.net.vn/kqxs-bingo18"",""total"":9,""upstream_claimed_source"":""Vietlott""}",[],https://xosominhngoc.net.vn/kqxs-bingo18,rules_available,valid,[],2026-09-05T15:34:46+00:00
bingo18,0185075,2026-09-05,confirmed,"{""digits"":[5,4,2]}","{""data_source"":""xosominhngoc_net_vn"",""has_duplicate"":false,""official_verification_status"":""pending"",""secondary_source_url"":""https://xosominhngoc.net.vn/kqxs-bingo18"",""total"":11,""upstream_claimed_source"":""Vietlott""}",[],https://xosominhngoc.net.vn/kqxs-bingo18,rules_available,valid,[],2026-09-05T15:34:46+00:00
bingo18,0185076,2026-09-05,confirmed,"{""digits"":[1,6,2]}","{""data_source"":""xosominhngoc_net_vn"",""has_duplicate"":false,""official_verification_status"":""pending"",""secondary_source_url"":""https://xosominhngoc.net.vn/kqxs-bingo18"",""total"":9,""upstream_claimed_source"":""Vietlott""}",[],https://xosominhngoc.net.vn/kqxs-bingo18,rules_available,valid,[],2026-09-05T15:34:46+00:00
bingo18,0185077,2026-09-05,confirmed,"{""digits"":[6,3,6]}","{""data_source"":""xosominhngoc_net_vn"",""has_duplicate"":true,""official_verification_status"":""pending"",""secondary_source_url"":""https://xosominhngoc.net.vn/kqxs-bingo18"",""total"":15,""upstream_claimed_source"":""Vietlott""}",[],https://xosominhngoc.net.vn/kqxs-bingo18,rules_available,valid,[],2026-09-05T15:34:46+00:00
bingo18,0185078,2026-09-05,confirmed,"{""digits"":[3,6,4]}","{""data_source"":""xosominhngoc_net_vn"",""has_duplicate"":false,""official_verification_status"":""pending"",""secondary_source_url"":""https://xosominhngoc.net.vn/kqxs-bingo18"",""total"":13,""upstream_claimed_source"":""Vietlott""}",[],https://xosominhngoc.net.vn/kqxs-bingo18,rules_available,valid,[],2026-09-05T15:34:46+00:00
bingo18,0185079,2026-09-05,confirmed,"{""digits"":[4,2,6]}","{""data_source"":""xosominhngoc_net_vn"",""has_duplicate"":false,""official_verification_status"":""pending"",""secondary_source_url"":""https://xosominhngoc.net.vn/kqxs-bingo18"",""total"":12,""upstream_claimed_source"":""Vietlott""}",[],https://xosominhngoc.net.vn/kqxs-bingo18,rules_available,valid,[],2026-09-05T15:34:46+00:00
bingo18,0185080,2026-09-05,confirmed,"{""digits"":[5,4,5]}","{""data_source"":""xosominhngoc_net_vn"",""has_duplicate"":true,""official_verification_status"":""pending"",""secondary_source_url"":""https://xosominhngoc.net.vn/kqxs-bingo18"",""total"":14,""upstream_claimed_source"":""Vietlott""}",[],https://xosominhngoc.net.vn/kqxs-bingo18,rules_available,valid,[],2026-09-05T15:34:46+00:00
bingo18,0185081,2026-09-05,confirmed,"{""digits"":[1,6,2]}","{""data_source"":""xosominhngoc_net_vn"",""has_duplicate"":false,""official_verification_status"":""pending"",""secondary_source_url"":""https://xosominhngoc.net.vn/kqxs-bingo18"",""total"":9,""upstream_claimed_source"":""Vietlott""}",[],https://xosominhngoc.net.vn/kqxs-bingo18,rules_available,valid,[],2026-09-05T15:34:46+00:00
bingo18,0185082,2026-09-05,confirmed,"{""digits"":[4,4,6]}","{""data_source"":""xosominhngoc_net_vn"",""has_duplicate"":true,""official_verification_status"":""pending"",""secondary_source_url"":""https://xosominhngoc.net.vn/kqxs-bingo18"",""total"":14,""upstream_claimed_source"":""Vietlott""}",[],https://xosominhngoc.net.vn/kqxs-bingo18,rules_available,valid,[],2026-09-05T15:34:46+00:00
bingo18,0185083,2026-09-05,confirmed,"{""digits"":[4,2,3]}","{""data_source"":""xosominhngoc_net_vn"",""has_duplicate"":false,""official_verification_status"":""pending"",""secondary_source_url"":""https://xosominhngoc.net.vn/kqxs-bingo18"",""total"":9,""upstream_claimed_source"":""Vietlott""}",[],https://xosominhngoc.net.vn/kqxs-bingo18,rules_available,valid,[],2026-09-05T15:34:46+00:00
bingo18,0185084,2026-09-05,confirmed,"{""digits"":[2,1,5]}","{""data_source"":""xosominhngoc_net_vn"",""has_duplicate"":false,""official_verification_status"":""pending"",""secondary_source_url"":""https://xosominhngoc.net.vn/kqxs-bingo18"",""total"":8,""upstream_claimed_source"":""Vietlott""}",[],https://xosominhngoc.net.vn/kqxs-bingo18,rules_available,valid,[],2026-09-05T15:34:46+00:00
bingo18,0185085,2026-09-05,confirmed,"{""digits"":[2,2,4]}","{""data_source"":""xosominhngoc_net_vn"",""has_duplicate"":true,""official_verification_status"":""pending"",""secondary_source_url"":""https://xosominhngoc.net.vn/kqxs-bingo18"",""total"":8,""upstream_claimed_source"":""Vietlott""}",[],https://xosominhngoc.net.vn/kqxs-bingo18,rules_available,valid,[],2026-09-05T15:34:46+00:00
bingo18,0185088,2026-09-06,confirmed,"{""digits"":[3,6,3]}","{""data_source"":""xosominhngoc_net_vn"",""has_duplicate"":true,""official_verification_status"":""pending"",""secondary_source_url"":""https://xosominhngoc.net.vn/kqxs-bingo18"",""total"":12,""upstream_claimed_source"":""Vietlott""}",[],https://xosominhngoc.net.vn/kqxs-bingo18,rules_available,valid,[],2026-09-06T00:49:57+00:00
bingo18,0185089,2026-09-06,confirmed,"{""digits"":[2,1,1]}","{""data_source"":""xosominhngoc_net_vn"",""has_duplicate"":true,""official_verification_status"":""pending"",""secondary_source_url"":""https://xosominhngoc.net.vn/kqxs-bingo18"",""total"":4,""upstream_claimed_source"":""Vietlott""}",[],https://xosominhngoc.net.vn/kqxs-bingo18,rules_available,valid,[],2026-09-06T00:49:57+00:00
bingo18,0185090,2026-09-06,confirmed,"{""digits"":[3,2,2]}","{""data_source"":""xosominhngoc_net_vn"",""has_duplicate"":true,""official_verification_status"":""pending"",""secondary_source_url"":""https://xosominhngoc.net.vn/kqxs-bingo18"",""total"":7,""upstream_claimed_source"":""Vietlott""}",[],https://xosominhngoc.net.vn/kqxs-bingo18,rules_available,valid,[],2026-09-06T00:49:57+00:00
bingo18,0185091,2026-09-06,confirmed,"{""digits"":[1,5,4]}","{""data_source"":""xosominhngoc_net_vn"",""has_duplicate"":false,""official_verification_status"":""pending"",""secondary_source_url"":""https://xosominhngoc.net.vn/kqxs-bingo18"",""total"":10,""upstream_claimed_source"":""Vietlott""}",[],https://xosominhngoc.net.vn/kqxs-bingo18,rules_available,valid,[],2026-09-06T00:49:57+00:00
bingo18,0185092,2026-09-06,confirmed,"{""digits"":[4,1,4]}","{""data_source"":""xosominhngoc_net_vn"",""has_duplicate"":true,""official_verification_status"":""pending"",""secondary_source_url"":""https://xosominhngoc.net.vn/kqxs-bingo18"",""total"":9,""upstream_claimed_source"":""Vietlott""}",[],https://xosominhngoc.net.vn/kqxs-bingo18,rules_available,valid,[],2026-09-06T00:49:57+00:00
bingo18,0185093,2026-09-06,confirmed,"{""digits"":[1,2,4]}","{""data_source"":""xosominhngoc_net_vn"",""has_duplicate"":false,""official_verification_status"":""pending"",""secondary_source_url"":""https://xosominhngoc.net.vn/kqxs-bingo18"",""total"":7,""upstream_claimed_source"":""Vietlott""}",[],https://xosominhngoc.net.vn/kqxs-bingo18,rules_available,valid,[],2026-09-06T00:49:57+00:00
bingo18,0185094,2026-09-06,confirmed,"{""digits"":[1,2,3]}","{""data_source"":""xosominhngoc_net_vn"",""has_duplicate"":false,""official_verification_status"":""pending"",""secondary_source_url"":""https://xosominhngoc.net.vn/kqxs-bingo18"",""total"":6,""upstream_claimed_source"":""Vietlott""}",[],https://xosominhngoc.net.vn/kqxs-bingo18,rules_available,valid,[],2026-09-06T00:49:57+00:00
bingo18,0185095,2026-09-06,confirmed,"{""digits"":[6,5,2]}","{""data_source"":""xosominhngoc_net_vn"",""has_duplicate"":false,""official_verification_status"":""pending"",""secondary_source_url"":""https://xosominhngoc.net.vn/kqxs-bingo18"",""total"":13,""upstream_claimed_source"":""Vietlott""}",[],https://xosominhngoc.net.vn/kqxs-bingo18,rules_available,valid,[],2026-09-06T00:49:57+00:00
bingo18,0185096,2026-09-06,confirmed,"{""digits"":[1,4,5]}","{""data_source"":""xosominhngoc_net_vn"",""has_duplicate"":false,""official_verification_status"":""pending"",""secondary_source_url"":""https://xosominhngoc.net.vn/kqxs-bingo18"",""total"":10,""upstream_claimed_source"":""Vietlott""}",[],https://xosominhngoc.net.vn/kqxs-bingo18,rules_available,valid,[],2026-09-06T00:49:57+00:00
bingo18,0185097,2026-09-06,confirmed,"{""digits"":[6,5,2]}","{""data_source"":""xosominhngoc_net_vn"",""has_duplicate"":false,""official_verification_status"":""pending"",""secondary_source_url"":""https://xosominhngoc.net.vn/kqxs-bingo18"",""total"":13,""upstream_claimed_source"":""Vietlott""}",[],https://xosominhngoc.net.vn/kqxs-bingo18,rules_available,valid,[],2026-09-06T00:49:57+00:00
bingo18,0185098,2026-09-06,confirmed,"{""digits"":[3,1,5]}","{""data_source"":""xosominhngoc_net_vn"",""has_duplicate"":false,""official_verification_status"":""pending"",""secondary_source_url"":""https://xosominhngoc.net.vn/kqxs-bingo18"",""total"":9,""upstream_claimed_source"":""Vietlott""}",[],https://xosominhngoc.net.vn/kqxs-bingo18,rules_available,valid,[],2026-09-06T00:49:57+00:00
bingo18,0185099,2026-09-06,confirmed,"{""digits"":[2,4,6]}","{""data_source"":""xosominhngoc_net_vn"",""has_duplicate"":false,""official_verification_status"":""pending"",""secondary_source_url"":""https://xosominhngoc.net.vn/kqxs-bingo18"",""total"":12,""upstream_claimed_source"":""Vietlott""}",[],https://xosominhngoc.net.vn/kqxs-bingo18,rules_available,valid,[],2026-09-06T00:49:57+00:00
bingo18,0185100,2026-09-06,confirmed,"{""digits"":[1,5,5]}","{""data_source"":""xosominhngoc_net_vn"",""has_duplicate"":true,""official_verification_status"":""pending"",""secondary_source_url"":""https://xosominhngoc.net.vn/kqxs-bingo18"",""total"":11,""upstream_claimed_source"":""Vietlott""}",[],https://xosominhngoc.net.vn/kqxs-bingo18,rules_available,valid,[],2026-09-06T00:49:57+00:00
bingo18,0185101,2026-09-06,confirmed,"{""digits"":[1,1,6]}","{""data_source"":""xosominhngoc_net_vn"",""has_duplicate"":true,""official_verification_status"":""pending"",""secondary_source_url"":""https://xosominhngoc.net.vn/kqxs-bingo18"",""total"":8,""upstream_claimed_source"":""Vietlott""}",[],https://xosominhngoc.net.vn/kqxs-bingo18,rules_available,valid,[],2026-09-06T00:49:57+00:00
bingo18,0185102,2026-09-06,confirmed,"{""digits"":[3,1,6]}","{""data_source"":""xosominhngoc_net_vn"",""has_duplicate"":false,""official_verification_status"":""pending"",""secondary_source_url"":""https://xosominhngoc.net.vn/kqxs-bingo18"",""total"":10,""upstream_claimed_source"":""Vietlott""}",[],https://xosominhngoc.net.vn/kqxs-bingo18,rules_available,valid,[],2026-09-06T00:49:57+00:00
bingo18,0185132,2026-09-06,confirmed,"{""digits"":[1,2,6]}","{""data_source"":""xosominhngoc_net_vn"",""has_duplicate"":false,""official_verification_status"":""pending"",""secondary_source_url"":""https://xosominhngoc.net.vn/kqxs-bingo18"",""total"":9,""upstream_claimed_source"":""Vietlott""}",[],https://xosominhngoc.net.vn/kqxs-bingo18,rules_available,valid,[],2026-09-06T05:11:26+00:00
bingo18,0185133,2026-09-06,confirmed,"{""digits"":[1,6,6]}","{""data_source"":""xosominhngoc_net_vn"",""has_duplicate"":true,""official_verification_status"":""pending"",""secondary_source_url"":""https://xosominhngoc.net.vn/kqxs-bingo18"",""total"":13,""upstream_claimed_source"":""Vietlott""}",[],https://xosominhngoc.net.vn/kqxs-bingo18,rules_available,valid,[],2026-09-06T05:11:26+00:00
bingo18,0185134,2026-09-06,confirmed,"{""digits"":[2,2,2]}","{""data_source"":""xosominhngoc_net_vn"",""has_duplicate"":true,""official_verification_status"":""pending"",""secondary_source_url"":""https://xosominhngoc.net.vn/kqxs-bingo18"",""total"":6,""upstream_claimed_source"":""Vietlott""}",[],https://xosominhngoc.net.vn/kqxs-bingo18,rules_available,valid,[],2026-09-06T05:11:26+00:00
bingo18,0185135,2026-09-06,confirmed,"{""digits"":[6,2,4]}","{""data_source"":""xosominhngoc_net_vn"",""has_duplicate"":false,""official_verification_status"":""pending"",""secondary_source_url"":""https://xosominhngoc.net.vn/kqxs-bingo18"",""total"":12,""upstream_claimed_source"":""Vietlott""}",[],https://xosominhngoc.net.vn/kqxs-bingo18,rules_available,valid,[],2026-09-06T05:11:26+00:00
bingo18,0185136,2026-09-06,confirmed,"{""digits"":[3,1,4]}","{""data_source"":""xosominhngoc_net_vn"",""has_duplicate"":false,""official_verification_status"":""pending"",""secondary_source_url"":""https://xosominhngoc.net.vn/kqxs-bingo18"",""total"":8,""upstream_claimed_source"":""Vietlott""}",[],https://xosominhngoc.net.vn/kqxs-bingo18,rules_available,valid,[],2026-09-06T05:11:26+00:00
bingo18,0185137,2026-09-06,confirmed,"{""digits"":[3,4,2]}","{""data_source"":""xosominhngoc_net_vn"",""has_duplicate"":false,""official_verification_status"":""pending"",""secondary_source_url"":""https://xosominhngoc.net.vn/kqxs-bingo18"",""total"":9,""upstream_claimed_source"":""Vietlott""}",[],https://xosominhngoc.net.vn/kqxs-bingo18,rules_available,valid,[],2026-09-06T05:11:26+00:00
bingo18,0185138,2026-09-06,confirmed,"{""digits"":[6,1,5]}","{""data_source"":""xosominhngoc_net_vn"",""has_duplicate"":false,""official_verification_status"":""pending"",""secondary_source_url"":""https://xosominhngoc.net.vn/kqxs-bingo18"",""total"":12,""upstream_claimed_source"":""Vietlott""}",[],https://xosominhngoc.net.vn/kqxs-bingo18,rules_available,valid,[],2026-09-06T05:11:26+00:00
bingo18,0185139,2026-09-06,confirmed,"{""digits"":[6,1,4]}","{""data_source"":""xosominhngoc_net_vn"",""has_duplicate"":false,""official_verification_status"":""pending"",""secondary_source_url"":""https://xosominhngoc.net.vn/kqxs-bingo18"",""total"":11,""upstream_claimed_source"":""Vietlott""}",[],https://xosominhngoc.net.vn/kqxs-bingo18,rules_available,valid,[],2026-09-06T05:11:26+00:00
bingo18,0185140,2026-09-06,confirmed,"{""digits"":[3,3,2]}","{""data_source"":""xosominhngoc_net_vn"",""has_duplicate"":true,""official_verification_status"":""pending"",""secondary_source_url"":""https://xosominhngoc.net.vn/kqxs-bingo18"",""total"":8,""upstream_claimed_source"":""Vietlott""}",[],https://xosominhngoc.net.vn/kqxs-bingo18,rules_available,valid,[],2026-09-06T05:11:26+00:00
bingo18,0185141,2026-09-06,confirmed,"{""digits"":[6,2,4]}","{""data_source"":""xosominhngoc_net_vn"",""has_duplicate"":false,""official_verification_status"":""pending"",""secondary_source_url"":""https://xosominhngoc.net.vn/kqxs-bingo18"",""total"":12,""upstream_claimed_source"":""Vietlott""}",[],https://xosominhngoc.net.vn/kqxs-bingo18,rules_available,valid,[],2026-09-06T05:11:26+00:00
bingo18,0185142,2026-09-06,confirmed,"{""digits"":[6,2,3]}","{""data_source"":""xosominhngoc_net_vn"",""has_duplicate"":false,""official_verification_status"":""pending"",""secondary_source_url"":""https://xosominhngoc.net.vn/kqxs-bingo18"",""total"":11,""upstream_claimed_source"":""Vietlott""}",[],https://xosominhngoc.net.vn/kqxs-bingo18,rules_available,valid,[],2026-09-06T05:11:26+00:00
bingo18,0185143,2026-09-06,confirmed,"{""digits"":[3,4,3]}","{""data_source"":""xosominhngoc_net_vn"",""has_duplicate"":true,""official_verification_status"":""pending"",""secondary_source_url"":""https://xosominhngoc.net.vn/kqxs-bingo18"",""total"":10,""upstream_claimed_source"":""Vietlott""}",[],https://xosominhngoc.net.vn/kqxs-bingo18,rules_available,valid,[],2026-09-06T05:11:26+00:00
bingo18,0185144,2026-09-06,confirmed,"{""digits"":[6,5,6]}","{""data_source"":""xosominhngoc_net_vn"",""has_duplicate"":true,""official_verification_status"":""pending"",""secondary_source_url"":""https://xosominhngoc.net.vn/kqxs-bingo18"",""total"":17,""upstream_claimed_source"":""Vietlott""}",[],https://xosominhngoc.net.vn/kqxs-bingo18,rules_available,valid,[],2026-09-06T05:11:26+00:00
bingo18,0185145,2026-09-06,confirmed,"{""digits"":[1,5,1]}","{""data_source"":""xosominhngoc_net_vn"",""has_duplicate"":true,""official_verification_status"":""pending"",""secondary_source_url"":""https://xosominhngoc.net.vn/kqxs-bingo18"",""total"":7,""upstream_claimed_source"":""Vietlott""}",[],https://xosominhngoc.net.vn/kqxs-bingo18,rules_available,valid,[],2026-09-06T05:11:26+00:00
bingo18,0185146,2026-09-06,confirmed,"{""digits"":[2,2,3]}","{""data_source"":""xosominhngoc_net_vn"",""has_duplicate"":true,""official_verification_status"":""pending"",""secondary_source_url"":""https://xosominhngoc.net.vn/kqxs-bingo18"",""total"":7,""upstream_claimed_source"":""Vietlott""}",[],https://xosominhngoc.net.vn/kqxs-bingo18,rules_available,valid,[],2026-09-06T05:11:26+00:00
bingo18,0185174,2026-09-06,confirmed,"{""digits"":[3,6,1]}","{""data_source"":""xosominhngoc_net_vn"",""has_duplicate"":false,""official_verification_status"":""pending"",""secondary_source_url"":""https://xosominhngoc.net.vn/kqxs-bingo18"",""total"":10,""upstream_claimed_source"":""Vietlott""}",[],https://xosominhngoc.net.vn/kqxs-bingo18,rules_available,valid,[],2026-09-06T09:27:21+00:00
bingo18,0185175,2026-09-06,confirmed,"{""digits"":[4,5,3]}","{""data_source"":""xosominhngoc_net_vn"",""has_duplicate"":false,""official_verification_status"":""pending"",""secondary_source_url"":""https://xosominhngoc.net.vn/kqxs-bingo18"",""total"":12,""upstream_claimed_source"":""Vietlott""}",[],https://xosominhngoc.net.vn/kqxs-bingo18,rules_available,valid,[],2026-09-06T09:27:21+00:00
bingo18,0185176,2026-09-06,confirmed,"{""digits"":[3,6,1]}","{""data_source"":""xosominhngoc_net_vn"",""has_duplicate"":false,""official_verification_status"":""pending"",""secondary_source_url"":""https://xosominhngoc.net.vn/kqxs-bingo18"",""total"":10,""upstream_claimed_source"":""Vietlott""}",[],https://xosominhngoc.net.vn/kqxs-bingo18,rules_available,valid,[],2026-09-06T09:27:21+00:00
bingo18,0185177,2026-09-06,confirmed,"{""digits"":[3,4,1]}","{""data_source"":""xosominhngoc_net_vn"",""has_duplicate"":false,""official_verification_status"":""pending"",""secondary_source_url"":""https://xosominhngoc.net.vn/kqxs-bingo18"",""total"":8,""upstream_claimed_source"":""Vietlott""}",[],https://xosominhngoc.net.vn/kqxs-bingo18,rules_available,valid,[],2026-09-06T09:27:21+00:00
bingo18,0185178,2026-09-06,confirmed,"{""digits"":[6,6,5]}","{""data_source"":""xosominhngoc_net_vn"",""has_duplicate"":true,""official_verification_status"":""pending"",""secondary_source_url"":""https://xosominhngoc.net.vn/kqxs-bingo18"",""total"":17,""upstream_claimed_source"":""Vietlott""}",[],https://xosominhngoc.net.vn/kqxs-bingo18,rules_available,valid,[],2026-09-06T09:27:21+00:00
bingo18,0185179,2026-09-06,confirmed,"{""digits"":[5,1,1]}","{""data_source"":""xosominhngoc_net_vn"",""has_duplicate"":true,""official_verification_status"":""pending"",""secondary_source_url"":""https://xosominhngoc.net.vn/kqxs-bingo18"",""total"":7,""upstream_claimed_source"":""Vietlott""}",[],https://xosominhngoc.net.vn/kqxs-bingo18,rules_available,valid,[],2026-09-06T09:27:21+00:00
bingo18,0185180,2026-09-06,confirmed,"{""digits"":[1,5,4]}","{""data_source"":""xosominhngoc_net_vn"",""has_duplicate"":false,""official_verification_status"":""pending"",""secondary_source_url"":""https://xosominhngoc.net.vn/kqxs-bingo18"",""total"":10,""upstream_claimed_source"":""Vietlott""}",[],https://xosominhngoc.net.vn/kqxs-bingo18,rules_available,valid,[],2026-09-06T09:27:21+00:00
bingo18,0185181,2026-09-06,confirmed,"{""digits"":[3,3,2]}","{""data_source"":""xosominhngoc_net_vn"",""has_duplicate"":true,""official_verification_status"":""pending"",""secondary_source_url"":""https://xosominhngoc.net.vn/kqxs-bingo18"",""total"":8,""upstream_claimed_source"":""Vietlott""}",[],https://xosominhngoc.net.vn/kqxs-bingo18,rules_available,valid,[],2026-09-06T09:27:21+00:00
bingo18,0185182,2026-09-06,confirmed,"{""digits"":[5,3,3]}","{""data_source"":""xosominhngoc_net_vn"",""has_duplicate"":true,""official_verification_status"":""pending"",""secondary_source_url"":""https://xosominhngoc.net.vn/kqxs-bingo18"",""total"":11,""upstream_claimed_source"":""Vietlott""}",[],https://xosominhngoc.net.vn/kqxs-bingo18,rules_available,valid,[],2026-09-06T09:27:21+00:00
bingo18,0185183,2026-09-06,confirmed,"{""digits"":[1,2,4]}","{""data_source"":""xosominhngoc_net_vn"",""has_duplicate"":false,""official_verification_status"":""pending"",""secondary_source_url"":""https://xosominhngoc.net.vn/kqxs-bingo18"",""total"":7,""upstream_claimed_source"":""Vietlott""}",[],https://xosominhngoc.net.vn/kqxs-bingo18,rules_available,valid,[],2026-09-06T09:27:21+00:00
bingo18,0185184,2026-09-06,confirmed,"{""digits"":[1,2,3]}","{""data_source"":""xosominhngoc_net_vn"",""has_duplicate"":false,""official_verification_status"":""pending"",""secondary_source_url"":""https://xosominhngoc.net.vn/kqxs-bingo18"",""total"":6,""upstream_claimed_source"":""Vietlott""}",[],https://xosominhngoc.net.vn/kqxs-bingo18,rules_available,valid,[],2026-09-06T09:27:21+00:00
bingo18,0185185,2026-09-06,confirmed,"{""digits"":[3,2,5]}","{""data_source"":""xosominhngoc_net_vn"",""has_duplicate"":false,""official_verification_status"":""pending"",""secondary_source_url"":""https://xosominhngoc.net.vn/kqxs-bingo18"",""total"":10,""upstream_claimed_source"":""Vietlott""}",[],https://xosominhngoc.net.vn/kqxs-bingo18,rules_available,valid,[],2026-09-06T09:27:21+00:00
bingo18,0185186,2026-09-06,confirmed,"{""digits"":[3,4,1]}","{""data_source"":""xosominhngoc_net_vn"",""has_duplicate"":false,""official_verification_status"":""pending"",""secondary_source_url"":""https://xosominhngoc.net.vn/kqxs-bingo18"",""total"":8,""upstream_claimed_source"":""Vietlott""}",[],https://xosominhngoc.net.vn/kqxs-bingo18,rules_available,valid,[],2026-09-06T09:27:21+00:00
bingo18,0185187,2026-09-06,confirmed,"{""digits"":[6,2,5]}","{""data_source"":""xosominhngoc_net_vn"",""has_duplicate"":false,""official_verification_status"":""pending"",""secondary_source_url"":""https://xosominhngoc.net.vn/kqxs-bingo18"",""total"":13,""upstream_claimed_source"":""Vietlott""}",[],https://xosominhngoc.net.vn/kqxs-bingo18,rules_available,valid,[],2026-09-06T09:27:21+00:00
bingo18,0185188,2026-09-06,confirmed,"{""digits"":[5,5,5]}","{""data_source"":""xosominhngoc_net_vn"",""has_duplicate"":true,""official_verification_status"":""pending"",""secondary_source_url"":""https://xosominhngoc.net.vn/kqxs-bingo18"",""total"":15,""upstream_claimed_source"":""Vietlott""}",[],https://xosominhngoc.net.vn/kqxs-bingo18,rules_available,valid,[],2026-09-06T09:27:21+00:00
bingo18,0185211,2026-09-06,confirmed,"{""digits"":[4,5,2]}","{""data_source"":""xosominhngoc_net_vn"",""has_duplicate"":false,""official_verification_status"":""pending"",""secondary_source_url"":""https://xosominhngoc.net.vn/kqxs-bingo18"",""total"":11,""upstream_claimed_source"":""Vietlott""}",[],https://xosominhngoc.net.vn/kqxs-bingo18,rules_available,valid,[],2026-09-06T13:05:15+00:00
bingo18,0185212,2026-09-06,confirmed,"{""digits"":[5,6,3]}","{""data_source"":""xosominhngoc_net_vn"",""has_duplicate"":false,""official_verification_status"":""pending"",""secondary_source_url"":""https://xosominhngoc.net.vn/kqxs-bingo18"",""total"":14,""upstream_claimed_source"":""Vietlott""}",[],https://xosominhngoc.net.vn/kqxs-bingo18,rules_available,valid,[],2026-09-06T13:05:15+00:00
bingo18,0185213,2026-09-06,confirmed,"{""digits"":[5,6,5]}","{""data_source"":""xosominhngoc_net_vn"",""has_duplicate"":true,""official_verification_status"":""pending"",""secondary_source_url"":""https://xosominhngoc.net.vn/kqxs-bingo18"",""total"":16,""upstream_claimed_source"":""Vietlott""}",[],https://xosominhngoc.net.vn/kqxs-bingo18,rules_available,valid,[],2026-09-06T13:05:15+00:00
bingo18,0185214,2026-09-06,confirmed,"{""digits"":[6,5,5]}","{""data_source"":""xosominhngoc_net_vn"",""has_duplicate"":true,""official_verification_status"":""pending"",""secondary_source_url"":""https://xosominhngoc.net.vn/kqxs-bingo18"",""total"":16,""upstream_claimed_source"":""Vietlott""}",[],https://xosominhngoc.net.vn/kqxs-bingo18,rules_available,valid,[],2026-09-06T13:05:15+00:00
bingo18,0185215,2026-09-06,confirmed,"{""digits"":[1,1,1]}","{""data_source"":""xosominhngoc_net_vn"",""has_duplicate"":true,""official_verification_status"":""pending"",""secondary_source_url"":""https://xosominhngoc.net.vn/kqxs-bingo18"",""total"":3,""upstream_claimed_source"":""Vietlott""}",[],https://xosominhngoc.net.vn/kqxs-bingo18,rules_available,valid,[],2026-09-06T13:05:15+00:00
bingo18,0185216,2026-09-06,confirmed,"{""digits"":[3,5,1]}","{""data_source"":""xosominhngoc_net_vn"",""has_duplicate"":false,""official_verification_status"":""pending"",""secondary_source_url"":""https://xosominhngoc.net.vn/kqxs-bingo18"",""total"":9,""upstream_claimed_source"":""Vietlott""}",[],https://xosominhngoc.net.vn/kqxs-bingo18,rules_available,valid,[],2026-09-06T13:05:15+00:00
bingo18,0185217,2026-09-06,confirmed,"{""digits"":[4,1,1]}","{""data_source"":""xosominhngoc_net_vn"",""has_duplicate"":true,""official_verification_status"":""pending"",""secondary_source_url"":""https://xosominhngoc.net.vn/kqxs-bingo18"",""total"":6,""upstream_claimed_source"":""Vietlott""}",[],https://xosominhngoc.net.vn/kqxs-bingo18,rules_available,valid,[],2026-09-06T13:05:15+00:00
bingo18,0185218,2026-09-06,confirmed,"{""digits"":[6,1,3]}","{""data_source"":""xosominhngoc_net_vn"",""has_duplicate"":false,""official_verification_status"":""pending"",""secondary_source_url"":""https://xosominhngoc.net.vn/kqxs-bingo18"",""total"":10,""upstream_claimed_source"":""Vietlott""}",[],https://xosominhngoc.net.vn/kqxs-bingo18,rules_available,valid,[],2026-09-06T13:05:15+00:00
bingo18,0185219,2026-09-06,confirmed,"{""digits"":[1,6,3]}","{""data_source"":""xosominhngoc_net_vn"",""has_duplicate"":false,""official_verification_status"":""pending"",""secondary_source_url"":""https://xosominhngoc.net.vn/kqxs-bingo18"",""total"":10,""upstream_claimed_source"":""Vietlott""}",[],https://xosominhngoc.net.vn/kqxs-bingo18,rules_available,valid,[],2026-09-06T13:05:15+00:00
bingo18,0185220,2026-09-06,confirmed,"{""digits"":[6,1,3]}","{""data_source"":""xosominhngoc_net_vn"",""has_duplicate"":false,""official_verification_status"":""pending"",""secondary_source_url"":""https://xosominhngoc.net.vn/kqxs-bingo18"",""total"":10,""upstream_claimed_source"":""Vietlott""}",[],https://xosominhngoc.net.vn/kqxs-bingo18,rules_available,valid,[],2026-09-06T13:05:15+00:00
bingo18,0185221,2026-09-06,confirmed,"{""digits"":[5,5,4]}","{""data_source"":""xosominhngoc_net_vn"",""has_duplicate"":true,""official_verification_status"":""pending"",""secondary_source_url"":""https://xosominhngoc.net.vn/kqxs-bingo18"",""total"":14,""upstream_claimed_source"":""Vietlott""}",[],https://xosominhngoc.net.vn/kqxs-bingo18,rules_available,valid,[],2026-09-06T13:05:15+00:00
bingo18,0185222,2026-09-06,confirmed,"{""digits"":[6,6,5]}","{""data_source"":""xosominhngoc_net_vn"",""has_duplicate"":true,""official_verification_status"":""pending"",""secondary_source_url"":""https://xosominhngoc.net.vn/kqxs-bingo18"",""total"":17,""upstream_claimed_source"":""Vietlott""}",[],https://xosominhngoc.net.vn/kqxs-bingo18,rules_available,valid,[],2026-09-06T13:05:15+00:00
bingo18,0185223,2026-09-06,confirmed,"{""digits"":[1,5,4]}","{""data_source"":""xosominhngoc_net_vn"",""has_duplicate"":false,""official_verification_status"":""pending"",""secondary_source_url"":""https://xosominhngoc.net.vn/kqxs-bingo18"",""total"":10,""upstream_claimed_source"":""Vietlott""}",[],https://xosominhngoc.net.vn/kqxs-bingo18,rules_available,valid,[],2026-09-06T13:05:15+00:00
bingo18,0185224,2026-09-06,confirmed,"{""digits"":[3,1,5]}","{""data_source"":""xosominhngoc_net_vn"",""has_duplicate"":false,""official_verification_status"":""pending"",""secondary_source_url"":""https://xosominhngoc.net.vn/kqxs-bingo18"",""total"":9,""upstream_claimed_source"":""Vietlott""}",[],https://xosominhngoc.net.vn/kqxs-bingo18,rules_available,valid,[],2026-09-06T13:05:15+00:00
bingo18,0185225,2026-09-06,confirmed,"{""digits"":[5,5,6]}","{""data_source"":""xosominhngoc_net_vn"",""has_duplicate"":true,""official_verification_status"":""pending"",""secondary_source_url"":""https://xosominhngoc.net.vn/kqxs-bingo18"",""total"":16,""upstream_claimed_source"":""Vietlott""}",[],https://xosominhngoc.net.vn/kqxs-bingo18,rules_available,valid,[],2026-09-06T13:05:15+00:00
bingo18,0185230,2026-09-06,confirmed,"{""digits"":[4,2,6]}","{""data_source"":""xosominhngoc_net_vn"",""has_duplicate"":false,""official_verification_status"":""pending"",""secondary_source_url"":""https://xosominhngoc.net.vn/kqxs-bingo18"",""total"":12,""upstream_claimed_source"":""Vietlott""}",[],https://xosominhngoc.net.vn/kqxs-bingo18,rules_available,valid,[],2026-09-06T16:12:15+00:00
bingo18,0185231,2026-09-06,confirmed,"{""digits"":[5,4,6]}","{""data_source"":""xosominhngoc_net_vn"",""has_duplicate"":false,""official_verification_status"":""pending"",""secondary_source_url"":""https://xosominhngoc.net.vn/kqxs-bingo18"",""total"":15,""upstream_claimed_source"":""Vietlott""}",[],https://xosominhngoc.net.vn/kqxs-bingo18,rules_available,valid,[],2026-09-06T16:12:15+00:00
bingo18,0185232,2026-09-06,confirmed,"{""digits"":[4,3,4]}","{""data_source"":""xosominhngoc_net_vn"",""has_duplicate"":true,""official_verification_status"":""pending"",""secondary_source_url"":""https://xosominhngoc.net.vn/kqxs-bingo18"",""total"":11,""upstream_claimed_source"":""Vietlott""}",[],https://xosominhngoc.net.vn/kqxs-bingo18,rules_available,valid,[],2026-09-06T16:12:15+00:00
bingo18,0185233,2026-09-06,confirmed,"{""digits"":[6,3,4]}","{""data_source"":""xosominhngoc_net_vn"",""has_duplicate"":false,""official_verification_status"":""pending"",""secondary_source_url"":""https://xosominhngoc.net.vn/kqxs-bingo18"",""total"":13,""upstream_claimed_source"":""Vietlott""}",[],https://xosominhngoc.net.vn/kqxs-bingo18,rules_available,valid,[],2026-09-06T16:12:15+00:00
bingo18,0185234,2026-09-06,confirmed,"{""digits"":[4,3,3]}","{""data_source"":""xosominhngoc_net_vn"",""has_duplicate"":true,""official_verification_status"":""pending"",""secondary_source_url"":""https://xosominhngoc.net.vn/kqxs-bingo18"",""total"":10,""upstream_claimed_source"":""Vietlott""}",[],https://xosominhngoc.net.vn/kqxs-bingo18,rules_available,valid,[],2026-09-06T16:12:15+00:00
bingo18,0185235,2026-09-06,confirmed,"{""digits"":[6,3,5]}","{""data_source"":""xosominhngoc_net_vn"",""has_duplicate"":false,""official_verification_status"":""pending"",""secondary_source_url"":""https://xosominhngoc.net.vn/kqxs-bingo18"",""total"":14,""upstream_claimed_source"":""Vietlott""}",[],https://xosominhngoc.net.vn/kqxs-bingo18,rules_available,valid,[],2026-09-06T16:12:15+00:00
bingo18,0185236,2026-09-06,confirmed,"{""digits"":[6,6,3]}","{""data_source"":""xosominhngoc_net_vn"",""has_duplicate"":true,""official_verification_status"":""pending"",""secondary_source_url"":""https://xosominhngoc.net.vn/kqxs-bingo18"",""total"":15,""upstream_claimed_source"":""Vietlott""}",[],https://xosominhngoc.net.vn/kqxs-bingo18,rules_available,valid,[],2026-09-06T16:12:15+00:00
bingo18,0185237,2026-09-06,confirmed,"{""digits"":[5,1,5]}","{""data_source"":""xosominhngoc_net_vn"",""has_duplicate"":true,""official_verification_status"":""pending"",""secondary_source_url"":""https://xosominhngoc.net.vn/kqxs-bingo18"",""total"":11,""upstream_claimed_source"":""Vietlott""}",[],https://xosominhngoc.net.vn/kqxs-bingo18,rules_available,valid,[],2026-09-06T16:12:15+00:00
bingo18,0185238,2026-09-06,confirmed,"{""digits"":[2,1,3]}","{""data_source"":""xosominhngoc_net_vn"",""has_duplicate"":false,""official_verification_status"":""pending"",""secondary_source_url"":""https://xosominhngoc.net.vn/kqxs-bingo18"",""total"":6,""upstream_claimed_source"":""Vietlott""}",[],https://xosominhngoc.net.vn/kqxs-bingo18,rules_available,valid,[],2026-09-06T16:12:15+00:00
bingo18,0185239,2026-09-06,confirmed,"{""digits"":[4,4,6]}","{""data_source"":""xosominhngoc_net_vn"",""has_duplicate"":true,""official_verification_status"":""pending"",""secondary_source_url"":""https://xosominhngoc.net.vn/kqxs-bingo18"",""total"":14,""upstream_claimed_source"":""Vietlott""}",[],https://xosominhngoc.net.vn/kqxs-bingo18,rules_available,valid,[],2026-09-06T16:12:15+00:00
bingo18,0185240,2026-09-06,confirmed,"{""digits"":[5,1,6]}","{""data_source"":""xosominhngoc_net_vn"",""has_duplicate"":false,""official_verification_status"":""pending"",""secondary_source_url"":""https://xosominhngoc.net.vn/kqxs-bingo18"",""total"":12,""upstream_claimed_source"":""Vietlott""}",[],https://xosominhngoc.net.vn/kqxs-bingo18,rules_available,valid,[],2026-09-06T16:12:15+00:00
bingo18,0185241,2026-09-06,confirmed,"{""digits"":[1,1,2]}","{""data_source"":""xosominhngoc_net_vn"",""has_duplicate"":true,""official_verification_status"":""pending"",""secondary_source_url"":""https://xosominhngoc.net.vn/kqxs-bingo18"",""total"":4,""upstream_claimed_source"":""Vietlott""}",[],https://xosominhngoc.net.vn/kqxs-bingo18,rules_available,valid,[],2026-09-06T16:12:15+00:00
bingo18,0185242,2026-09-06,confirmed,"{""digits"":[6,6,5]}","{""data_source"":""xosominhngoc_net_vn"",""has_duplicate"":true,""official_verification_status"":""pending"",""secondary_source_url"":""https://xosominhngoc.net.vn/kqxs-bingo18"",""total"":17,""upstream_claimed_source"":""Vietlott""}",[],https://xosominhngoc.net.vn/kqxs-bingo18,rules_available,valid,[],2026-09-06T16:12:15+00:00
bingo18,0185243,2026-09-06,confirmed,"{""digits"":[3,3,2]}","{""data_source"":""xosominhngoc_net_vn"",""has_duplicate"":true,""official_verification_status"":""pending"",""secondary_source_url"":""https://xosominhngoc.net.vn/kqxs-bingo18"",""total"":8,""upstream_claimed_source"":""Vietlott""}",[],https://xosominhngoc.net.vn/kqxs-bingo18,rules_available,valid,[],2026-09-06T16:12:15+00:00
bingo18,0185244,2026-09-06,confirmed,"{""digits"":[1,4,1]}","{""data_source"":""xosominhngoc_net_vn"",""has_duplicate"":true,""official_verification_status"":""pending"",""secondary_source_url"":""https://xosominhngoc.net.vn/kqxs-bingo18"",""total"":6,""upstream_claimed_source"":""Vietlott""}",[],https://xosominhngoc.net.vn/kqxs-bingo18,rules_available,valid,[],2026-09-06T16:12:15+00:00
bingo18,0185248,2026-09-07,confirmed,"{""digits"":[2,6,1]}","{""data_source"":""xosominhngoc_net_vn"",""has_duplicate"":false,""official_verification_status"":""pending"",""secondary_source_url"":""https://xosominhngoc.net.vn/kqxs-bingo18"",""total"":9,""upstream_claimed_source"":""Vietlott""}",[],https://xosominhngoc.net.vn/kqxs-bingo18,rules_available,valid,[],2026-09-07T00:52:52+00:00
bingo18,0185249,2026-09-07,confirmed,"{""digits"":[5,5,5]}","{""data_source"":""xosominhngoc_net_vn"",""has_duplicate"":true,""official_verification_status"":""pending"",""secondary_source_url"":""https://xosominhngoc.net.vn/kqxs-bingo18"",""total"":15,""upstream_claimed_source"":""Vietlott""}",[],https://xosominhngoc.net.vn/kqxs-bingo18,rules_available,valid,[],2026-09-07T00:52:52+00:00
bingo18,0185250,2026-09-07,confirmed,"{""digits"":[2,6,3]}","{""data_source"":""xosominhngoc_net_vn"",""has_duplicate"":false,""official_verification_status"":""pending"",""secondary_source_url"":""https://xosominhngoc.net.vn/kqxs-bingo18"",""total"":11,""upstream_claimed_source"":""Vietlott""}",[],https://xosominhngoc.net.vn/kqxs-bingo18,rules_available,valid,[],2026-09-07T00:52:52+00:00
bingo18,0185251,2026-09-07,confirmed,"{""digits"":[2,5,5]}","{""data_source"":""xosominhngoc_net_vn"",""has_duplicate"":true,""official_verification_status"":""pending"",""secondary_source_url"":""https://xosominhngoc.net.vn/kqxs-bingo18"",""total"":12,""upstream_claimed_source"":""Vietlott""}",[],https://xosominhngoc.net.vn/kqxs-bingo18,rules_available,valid,[],2026-09-07T00:52:52+00:00
bingo18,0185252,2026-09-07,confirmed,"{""digits"":[2,6,2]}","{""data_source"":""xosominhngoc_net_vn"",""has_duplicate"":true,""official_verification_status"":""pending"",""secondary_source_url"":""https://xosominhngoc.net.vn/kqxs-bingo18"",""total"":10,""upstream_claimed_source"":""Vietlott""}",[],https://xosominhngoc.net.vn/kqxs-bingo18,rules_available,valid,[],2026-09-07T00:52:52+00:00
bingo18,0185253,2026-09-07,confirmed,"{""digits"":[5,2,6]}","{""data_source"":""xosominhngoc_net_vn"",""has_duplicate"":false,""official_verification_status"":""pending"",""secondary_source_url"":""https://xosominhngoc.net.vn/kqxs-bingo18"",""total"":13,""upstream_claimed_source"":""Vietlott""}",[],https://xosominhngoc.net.vn/kqxs-bingo18,rules_available,valid,[],2026-09-07T00:52:52+00:00
bingo18,0185254,2026-09-07,confirmed,"{""digits"":[3,5,6]}","{""data_source"":""xosominhngoc_net_vn"",""has_duplicate"":false,""official_verification_status"":""pending"",""secondary_source_url"":""https://xosominhngoc.net.vn/kqxs-bingo18"",""total"":14,""upstream_claimed_source"":""Vietlott""}",[],https://xosominhngoc.net.vn/kqxs-bingo18,rules_available,valid,[],2026-09-07T00:52:52+00:00
bingo18,0185255,2026-09-07,confirmed,"{""digits"":[4,3,6]}","{""data_source"":""xosominhngoc_net_vn"",""has_duplicate"":false,""official_verification_status"":""pending"",""secondary_source_url"":""https://xosominhngoc.net.vn/kqxs-bingo18"",""total"":13,""upstream_claimed_source"":""Vietlott""}",[],https://xosominhngoc.net.vn/kqxs-bingo18,rules_available,valid,[],2026-09-07T00:52:52+00:00
bingo18,0185256,2026-09-07,confirmed,"{""digits"":[2,4,4]}","{""data_source"":""xosominhngoc_net_vn"",""has_duplicate"":true,""official_verification_status"":""pending"",""secondary_source_url"":""https://xosominhngoc.net.vn/kqxs-bingo18"",""total"":10,""upstream_claimed_source"":""Vietlott""}",[],https://xosominhngoc.net.vn/kqxs-bingo18,rules_available,valid,[],2026-09-07T00:52:52+00:00
bingo18,0185257,2026-09-07,confirmed,"{""digits"":[6,3,4]}","{""data_source"":""xosominhngoc_net_vn"",""has_duplicate"":false,""official_verification_status"":""pending"",""secondary_source_url"":""https://xosominhngoc.net.vn/kqxs-bingo18"",""total"":13,""upstream_claimed_source"":""Vietlott""}",[],https://xosominhngoc.net.vn/kqxs-bingo18,rules_available,valid,[],2026-09-07T00:52:52+00:00
bingo18,0185258,2026-09-07,confirmed,"{""digits"":[4,2,4]}","{""data_source"":""xosominhngoc_net_vn"",""has_duplicate"":true,""official_verification_status"":""pending"",""secondary_source_url"":""https://xosominhngoc.net.vn/kqxs-bingo18"",""total"":10,""upstream_claimed_source"":""Vietlott""}",[],https://xosominhngoc.net.vn/kqxs-bingo18,rules_available,valid,[],2026-09-07T00:52:52+00:00
bingo18,0185259,2026-09-07,confirmed,"{""digits"":[3,6,5]}","{""data_source"":""xosominhngoc_net_vn"",""has_duplicate"":false,""official_verification_status"":""pending"",""secondary_source_url"":""https://xosominhngoc.net.vn/kqxs-bingo18"",""total"":14,""upstream_claimed_source"":""Vietlott""}",[],https://xosominhngoc.net.vn/kqxs-bingo18,rules_available,valid,[],2026-09-07T00:52:52+00:00
bingo18,0185260,2026-09-07,confirmed,"{""digits"":[3,5,4]}","{""data_source"":""xosominhngoc_net_vn"",""has_duplicate"":false,""official_verification_status"":""pending"",""secondary_source_url"":""https://xosominhngoc.net.vn/kqxs-bingo18"",""total"":12,""upstream_claimed_source"":""Vietlott""}",[],https://xosominhngoc.net.vn/kqxs-bingo18,rules_available,valid,[],2026-09-07T00:52:52+00:00
bingo18,0185261,2026-09-07,confirmed,"{""digits"":[5,4,6]}","{""data_source"":""xosominhngoc_net_vn"",""has_duplicate"":false,""official_verification_status"":""pending"",""secondary_source_url"":""https://xosominhngoc.net.vn/kqxs-bingo18"",""total"":15,""upstream_claimed_source"":""Vietlott""}",[],https://xosominhngoc.net.vn/kqxs-bingo18,rules_available,valid,[],2026-09-07T00:52:52+00:00
bingo18,0185262,2026-09-07,confirmed,"{""digits"":[3,3,2]}","{""data_source"":""xosominhngoc_net_vn"",""has_duplicate"":true,""official_verification_status"":""pending"",""secondary_source_url"":""https://xosominhngoc.net.vn/kqxs-bingo18"",""total"":8,""upstream_claimed_source"":""Vietlott""}",[],https://xosominhngoc.net.vn/kqxs-bingo18,rules_available,valid,[],2026-09-07T00:52:52+00:00
bingo18,0185294,2026-09-07,confirmed,"{""digits"":[6,3,5]}","{""data_source"":""xosominhngoc_net_vn"",""has_duplicate"":false,""official_verification_status"":""pending"",""secondary_source_url"":""https://xosominhngoc.net.vn/kqxs-bingo18"",""total"":14,""upstream_claimed_source"":""Vietlott""}",[],https://xosominhngoc.net.vn/kqxs-bingo18,rules_available,valid,[],2026-09-07T05:27:39+00:00
bingo18,0185295,2026-09-07,confirmed,"{""digits"":[3,6,4]}","{""data_source"":""xosominhngoc_net_vn"",""has_duplicate"":false,""official_verification_status"":""pending"",""secondary_source_url"":""https://xosominhngoc.net.vn/kqxs-bingo18"",""total"":13,""upstream_claimed_source"":""Vietlott""}",[],https://xosominhngoc.net.vn/kqxs-bingo18,rules_available,valid,[],2026-09-07T05:27:39+00:00
bingo18,0185296,2026-09-07,confirmed,"{""digits"":[6,1,6]}","{""data_source"":""xosominhngoc_net_vn"",""has_duplicate"":true,""official_verification_status"":""pending"",""secondary_source_url"":""https://xosominhngoc.net.vn/kqxs-bingo18"",""total"":13,""upstream_claimed_source"":""Vietlott""}",[],https://xosominhngoc.net.vn/kqxs-bingo18,rules_available,valid,[],2026-09-07T05:27:39+00:00
bingo18,0185297,2026-09-07,confirmed,"{""digits"":[5,3,2]}","{""data_source"":""xosominhngoc_net_vn"",""has_duplicate"":false,""official_verification_status"":""pending"",""secondary_source_url"":""https://xosominhngoc.net.vn/kqxs-bingo18"",""total"":10,""upstream_claimed_source"":""Vietlott""}",[],https://xosominhngoc.net.vn/kqxs-bingo18,rules_available,valid,[],2026-09-07T05:27:39+00:00
bingo18,0185298,2026-09-07,confirmed,"{""digits"":[5,3,2]}","{""data_source"":""xosominhngoc_net_vn"",""has_duplicate"":false,""official_verification_status"":""pending"",""secondary_source_url"":""https://xosominhngoc.net.vn/kqxs-bingo18"",""total"":10,""upstream_claimed_source"":""Vietlott""}",[],https://xosominhngoc.net.vn/kqxs-bingo18,rules_available,valid,[],2026-09-07T05:27:39+00:00
bingo18,0185299,2026-09-07,confirmed,"{""digits"":[3,1,2]}","{""data_source"":""xosominhngoc_net_vn"",""has_duplicate"":false,""official_verification_status"":""pending"",""secondary_source_url"":""https://xosominhngoc.net.vn/kqxs-bingo18"",""total"":6,""upstream_claimed_source"":""Vietlott""}",[],https://xosominhngoc.net.vn/kqxs-bingo18,rules_available,valid,[],2026-09-07T05:27:39+00:00
bingo18,0185300,2026-09-07,confirmed,"{""digits"":[6,2,4]}","{""data_source"":""xosominhngoc_net_vn"",""has_duplicate"":false,""official_verification_status"":""pending"",""secondary_source_url"":""https://xosominhngoc.net.vn/kqxs-bingo18"",""total"":12,""upstream_claimed_source"":""Vietlott""}",[],https://xosominhngoc.net.vn/kqxs-bingo18,rules_available,valid,[],2026-09-07T05:27:39+00:00
bingo18,0185301,2026-09-07,confirmed,"{""digits"":[1,2,6]}","{""data_source"":""xosominhngoc_net_vn"",""has_duplicate"":false,""official_verification_status"":""pending"",""secondary_source_url"":""https://xosominhngoc.net.vn/kqxs-bingo18"",""total"":9,""upstream_claimed_source"":""Vietlott""}",[],https://xosominhngoc.net.vn/kqxs-bingo18,rules_available,valid,[],2026-09-07T05:27:39+00:00
bingo18,0185302,2026-09-07,confirmed,"{""digits"":[1,6,5]}","{""data_source"":""xosominhngoc_net_vn"",""has_duplicate"":false,""official_verification_status"":""pending"",""secondary_source_url"":""https://xosominhngoc.net.vn/kqxs-bingo18"",""total"":12,""upstream_claimed_source"":""Vietlott""}",[],https://xosominhngoc.net.vn/kqxs-bingo18,rules_available,valid,[],2026-09-07T05:27:39+00:00
bingo18,0185303,2026-09-07,confirmed,"{""digits"":[1,2,1]}","{""data_source"":""xosominhngoc_net_vn"",""has_duplicate"":true,""official_verification_status"":""pending"",""secondary_source_url"":""https://xosominhngoc.net.vn/kqxs-bingo18"",""total"":4,""upstream_claimed_source"":""Vietlott""}",[],https://xosominhngoc.net.vn/kqxs-bingo18,rules_available,valid,[],2026-09-07T05:27:39+00:00
bingo18,0185304,2026-09-07,confirmed,"{""digits"":[5,4,6]}","{""data_source"":""xosominhngoc_net_vn"",""has_duplicate"":false,""official_verification_status"":""pending"",""secondary_source_url"":""https://xosominhngoc.net.vn/kqxs-bingo18"",""total"":15,""upstream_claimed_source"":""Vietlott""}",[],https://xosominhngoc.net.vn/kqxs-bingo18,rules_available,valid,[],2026-09-07T05:27:39+00:00
bingo18,0185305,2026-09-07,confirmed,"{""digits"":[6,1,2]}","{""data_source"":""xosominhngoc_net_vn"",""has_duplicate"":false,""official_verification_status"":""pending"",""secondary_source_url"":""https://xosominhngoc.net.vn/kqxs-bingo18"",""total"":9,""upstream_claimed_source"":""Vietlott""}",[],https://xosominhngoc.net.vn/kqxs-bingo18,rules_available,valid,[],2026-09-07T05:27:39+00:00
bingo18,0185306,2026-09-07,confirmed,"{""digits"":[6,2,1]}","{""data_source"":""xosominhngoc_net_vn"",""has_duplicate"":false,""official_verification_status"":""pending"",""secondary_source_url"":""https://xosominhngoc.net.vn/kqxs-bingo18"",""total"":9,""upstream_claimed_source"":""Vietlott""}",[],https://xosominhngoc.net.vn/kqxs-bingo18,rules_available,valid,[],2026-09-07T05:27:39+00:00
bingo18,0185307,2026-09-07,confirmed,"{""digits"":[6,5,6]}","{""data_source"":""xosominhngoc_net_vn"",""has_duplicate"":true,""official_verification_status"":""pending"",""secondary_source_url"":""https://xosominhngoc.net.vn/kqxs-bingo18"",""total"":17,""upstream_claimed_source"":""Vietlott""}",[],https://xosominhngoc.net.vn/kqxs-bingo18,rules_available,valid,[],2026-09-07T05:27:39+00:00
bingo18,0185308,2026-09-07,confirmed,"{""digits"":[3,2,4]}","{""data_source"":""xosominhngoc_net_vn"",""has_duplicate"":false,""official_verification_status"":""pending"",""secondary_source_url"":""https://xosominhngoc.net.vn/kqxs-bingo18"",""total"":9,""upstream_claimed_source"":""Vietlott""}",[],https://xosominhngoc.net.vn/kqxs-bingo18,rules_available,valid,[],2026-09-07T05:27:39+00:00
bingo18,0185346,2026-09-07,confirmed,"{""digits"":[1,6,3]}","{""data_source"":""xosominhngoc_net_vn"",""has_duplicate"":false,""official_verification_status"":""pending"",""secondary_source_url"":""https://xosominhngoc.net.vn/kqxs-bingo18"",""total"":10,""upstream_claimed_source"":""Vietlott""}",[],https://xosominhngoc.net.vn/kqxs-bingo18,rules_available,valid,[],2026-09-07T10:41:32+00:00
bingo18,0185347,2026-09-07,confirmed,"{""digits"":[1,4,2]}","{""data_source"":""xosominhngoc_net_vn"",""has_duplicate"":false,""official_verification_status"":""pending"",""secondary_source_url"":""https://xosominhngoc.net.vn/kqxs-bingo18"",""total"":7,""upstream_claimed_source"":""Vietlott""}",[],https://xosominhngoc.net.vn/kqxs-bingo18,rules_available,valid,[],2026-09-07T10:41:32+00:00
bingo18,0185348,2026-09-07,confirmed,"{""digits"":[3,5,3]}","{""data_source"":""xosominhngoc_net_vn"",""has_duplicate"":true,""official_verification_status"":""pending"",""secondary_source_url"":""https://xosominhngoc.net.vn/kqxs-bingo18"",""total"":11,""upstream_claimed_source"":""Vietlott""}",[],https://xosominhngoc.net.vn/kqxs-bingo18,rules_available,valid,[],2026-09-07T10:41:32+00:00
bingo18,0185349,2026-09-07,confirmed,"{""digits"":[6,5,6]}","{""data_source"":""xosominhngoc_net_vn"",""has_duplicate"":true,""official_verification_status"":""pending"",""secondary_source_url"":""https://xosominhngoc.net.vn/kqxs-bingo18"",""total"":17,""upstream_claimed_source"":""Vietlott""}",[],https://xosominhngoc.net.vn/kqxs-bingo18,rules_available,valid,[],2026-09-07T10:41:32+00:00
bingo18,0185350,2026-09-07,confirmed,"{""digits"":[1,6,1]}","{""data_source"":""xosominhngoc_net_vn"",""has_duplicate"":true,""official_verification_status"":""pending"",""secondary_source_url"":""https://xosominhngoc.net.vn/kqxs-bingo18"",""total"":8,""upstream_claimed_source"":""Vietlott""}",[],https://xosominhngoc.net.vn/kqxs-bingo18,rules_available,valid,[],2026-09-07T10:41:32+00:00
bingo18,0185351,2026-09-07,confirmed,"{""digits"":[3,4,1]}","{""data_source"":""xosominhngoc_net_vn"",""has_duplicate"":false,""official_verification_status"":""pending"",""secondary_source_url"":""https://xosominhngoc.net.vn/kqxs-bingo18"",""total"":8,""upstream_claimed_source"":""Vietlott""}",[],https://xosominhngoc.net.vn/kqxs-bingo18,rules_available,valid,[],2026-09-07T10:41:32+00:00
bingo18,0185352,2026-09-07,confirmed,"{""digits"":[5,3,4]}","{""data_source"":""xosominhngoc_net_vn"",""has_duplicate"":false,""official_verification_status"":""pending"",""secondary_source_url"":""https://xosominhngoc.net.vn/kqxs-bingo18"",""total"":12,""upstream_claimed_source"":""Vietlott""}",[],https://xosominhngoc.net.vn/kqxs-bingo18,rules_available,valid,[],2026-09-07T10:41:32+00:00
bingo18,0185353,2026-09-07,confirmed,"{""digits"":[4,4,3]}","{""data_source"":""xosominhngoc_net_vn"",""has_duplicate"":true,""official_verification_status"":""pending"",""secondary_source_url"":""https://xosominhngoc.net.vn/kqxs-bingo18"",""total"":11,""upstream_claimed_source"":""Vietlott""}",[],https://xosominhngoc.net.vn/kqxs-bingo18,rules_available,valid,[],2026-09-07T10:41:32+00:00
bingo18,0185354,2026-09-07,confirmed,"{""digits"":[2,1,5]}","{""data_source"":""xosominhngoc_net_vn"",""has_duplicate"":false,""official_verification_status"":""pending"",""secondary_source_url"":""https://xosominhngoc.net.vn/kqxs-bingo18"",""total"":8,""upstream_claimed_source"":""Vietlott""}",[],https://xosominhngoc.net.vn/kqxs-bingo18,rules_available,valid,[],2026-09-07T10:41:32+00:00
bingo18,0185355,2026-09-07,confirmed,"{""digits"":[5,2,3]}","{""data_source"":""xosominhngoc_net_vn"",""has_duplicate"":false,""official_verification_status"":""pending"",""secondary_source_url"":""https://xosominhngoc.net.vn/kqxs-bingo18"",""total"":10,""upstream_claimed_source"":""Vietlott""}",[],https://xosominhngoc.net.vn/kqxs-bingo18,rules_available,valid,[],2026-09-07T10:41:32+00:00
bingo18,0185356,2026-09-07,confirmed,"{""digits"":[1,2,3]}","{""data_source"":""xosominhngoc_net_vn"",""has_duplicate"":false,""official_verification_status"":""pending"",""secondary_source_url"":""https://xosominhngoc.net.vn/kqxs-bingo18"",""total"":6,""upstream_claimed_source"":""Vietlott""}",[],https://xosominhngoc.net.vn/kqxs-bingo18,rules_available,valid,[],2026-09-07T10:41:32+00:00
bingo18,0185357,2026-09-07,confirmed,"{""digits"":[3,1,6]}","{""data_source"":""xosominhngoc_net_vn"",""has_duplicate"":false,""official_verification_status"":""pending"",""secondary_source_url"":""https://xosominhngoc.net.vn/kqxs-bingo18"",""total"":10,""upstream_claimed_source"":""Vietlott""}",[],https://xosominhngoc.net.vn/kqxs-bingo18,rules_available,valid,[],2026-09-07T10:41:32+00:00
bingo18,0185358,2026-09-07,confirmed,"{""digits"":[4,1,3]}","{""data_source"":""xosominhngoc_net_vn"",""has_duplicate"":false,""official_verification_status"":""pending"",""secondary_source_url"":""https://xosominhngoc.net.vn/kqxs-bingo18"",""total"":8,""upstream_claimed_source"":""Vietlott""}",[],https://xosominhngoc.net.vn/kqxs-bingo18,rules_available,valid,[],2026-09-07T10:41:32+00:00
bingo18,0185359,2026-09-07,confirmed,"{""digits"":[2,3,5]}","{""data_source"":""xosominhngoc_net_vn"",""has_duplicate"":false,""official_verification_status"":""pending"",""secondary_source_url"":""https://xosominhngoc.net.vn/kqxs-bingo18"",""total"":10,""upstream_claimed_source"":""Vietlott""}",[],https://xosominhngoc.net.vn/kqxs-bingo18,rules_available,valid,[],2026-09-07T10:41:32+00:00
bingo18,0185360,2026-09-07,confirmed,"{""digits"":[3,2,4]}","{""data_source"":""xosominhngoc_net_vn"",""has_duplicate"":false,""official_verification_status"":""pending"",""secondary_source_url"":""https://xosominhngoc.net.vn/kqxs-bingo18"",""total"":9,""upstream_claimed_source"":""Vietlott""}",[],https://xosominhngoc.net.vn/kqxs-bingo18,rules_available,valid,[],2026-09-07T10:41:32+00:00
bingo18,0185389,2026-09-07,confirmed,"{""digits"":[5,3,1]}","{""data_source"":""xosominhngoc_net_vn"",""has_duplicate"":false,""official_verification_status"":""pending"",""secondary_source_url"":""https://xosominhngoc.net.vn/kqxs-bingo18"",""total"":9,""upstream_claimed_source"":""Vietlott""}",[],https://xosominhngoc.net.vn/kqxs-bingo18,rules_available,valid,[],2026-09-07T16:05:40+00:00
bingo18,0185390,2026-09-07,confirmed,"{""digits"":[2,2,4]}","{""data_source"":""xosominhngoc_net_vn"",""has_duplicate"":true,""official_verification_status"":""pending"",""secondary_source_url"":""https://xosominhngoc.net.vn/kqxs-bingo18"",""total"":8,""upstream_claimed_source"":""Vietlott""}",[],https://xosominhngoc.net.vn/kqxs-bingo18,rules_available,valid,[],2026-09-07T16:05:40+00:00
bingo18,0185391,2026-09-07,confirmed,"{""digits"":[5,2,3]}","{""data_source"":""xosominhngoc_net_vn"",""has_duplicate"":false,""official_verification_status"":""pending"",""secondary_source_url"":""https://xosominhngoc.net.vn/kqxs-bingo18"",""total"":10,""upstream_claimed_source"":""Vietlott""}",[],https://xosominhngoc.net.vn/kqxs-bingo18,rules_available,valid,[],2026-09-07T16:05:40+00:00
bingo18,0185392,2026-09-07,confirmed,"{""digits"":[5,4,3]}","{""data_source"":""xosominhngoc_net_vn"",""has_duplicate"":false,""official_verification_status"":""pending"",""secondary_source_url"":""https://xosominhngoc.net.vn/kqxs-bingo18"",""total"":12,""upstream_claimed_source"":""Vietlott""}",[],https://xosominhngoc.net.vn/kqxs-bingo18,rules_available,valid,[],2026-09-07T16:05:40+00:00
bingo18,0185393,2026-09-07,confirmed,"{""digits"":[2,1,4]}","{""data_source"":""xosominhngoc_net_vn"",""has_duplicate"":false,""official_verification_status"":""pending"",""secondary_source_url"":""https://xosominhngoc.net.vn/kqxs-bingo18"",""total"":7,""upstream_claimed_source"":""Vietlott""}",[],https://xosominhngoc.net.vn/kqxs-bingo18,rules_available,valid,[],2026-09-07T16:05:40+00:00
bingo18,0185394,2026-09-07,confirmed,"{""digits"":[6,4,4]}","{""data_source"":""xosominhngoc_net_vn"",""has_duplicate"":true,""official_verification_status"":""pending"",""secondary_source_url"":""https://xosominhngoc.net.vn/kqxs-bingo18"",""total"":14,""upstream_claimed_source"":""Vietlott""}",[],https://xosominhngoc.net.vn/kqxs-bingo18,rules_available,valid,[],2026-09-07T16:05:40+00:00
bingo18,0185395,2026-09-07,confirmed,"{""digits"":[4,3,1]}","{""data_source"":""xosominhngoc_net_vn"",""has_duplicate"":false,""official_verification_status"":""pending"",""secondary_source_url"":""https://xosominhngoc.net.vn/kqxs-bingo18"",""total"":8,""upstream_claimed_source"":""Vietlott""}",[],https://xosominhngoc.net.vn/kqxs-bingo18,rules_available,valid,[],2026-09-07T16:05:40+00:00
bingo18,0185396,2026-09-07,confirmed,"{""digits"":[4,4,1]}","{""data_source"":""xosominhngoc_net_vn"",""has_duplicate"":true,""official_verification_status"":""pending"",""secondary_source_url"":""https://xosominhngoc.net.vn/kqxs-bingo18"",""total"":9,""upstream_claimed_source"":""Vietlott""}",[],https://xosominhngoc.net.vn/kqxs-bingo18,rules_available,valid,[],2026-09-07T16:05:40+00:00
bingo18,0185397,2026-09-07,confirmed,"{""digits"":[6,4,4]}","{""data_source"":""xosominhngoc_net_vn"",""has_duplicate"":true,""official_verification_status"":""pending"",""secondary_source_url"":""https://xosominhngoc.net.vn/kqxs-bingo18"",""total"":14,""upstream_claimed_source"":""Vietlott""}",[],https://xosominhngoc.net.vn/kqxs-bingo18,rules_available,valid,[],2026-09-07T16:05:40+00:00
bingo18,0185398,2026-09-07,confirmed,"{""digits"":[3,4,6]}","{""data_source"":""xosominhngoc_net_vn"",""has_duplicate"":false,""official_verification_status"":""pending"",""secondary_source_url"":""https://xosominhngoc.net.vn/kqxs-bingo18"",""total"":13,""upstream_claimed_source"":""Vietlott""}",[],https://xosominhngoc.net.vn/kqxs-bingo18,rules_available,valid,[],2026-09-07T16:05:40+00:00
bingo18,0185399,2026-09-07,confirmed,"{""digits"":[2,4,4]}","{""data_source"":""xosominhngoc_net_vn"",""has_duplicate"":true,""official_verification_status"":""pending"",""secondary_source_url"":""https://xosominhngoc.net.vn/kqxs-bingo18"",""total"":10,""upstream_claimed_source"":""Vietlott""}",[],https://xosominhngoc.net.vn/kqxs-bingo18,rules_available,valid,[],2026-09-07T16:05:40+00:00
bingo18,0185400,2026-09-07,confirmed,"{""digits"":[3,4,1]}","{""data_source"":""xosominhngoc_net_vn"",""has_duplicate"":false,""official_verification_status"":""pending"",""secondary_source_url"":""https://xosominhngoc.net.vn/kqxs-bingo18"",""total"":8,""upstream_claimed_source"":""Vietlott""}",[],https://xosominhngoc.net.vn/kqxs-bingo18,rules_available,valid,[],2026-09-07T16:05:40+00:00
bingo18,0185401,2026-09-07,confirmed,"{""digits"":[5,5,5]}","{""data_source"":""xosominhngoc_net_vn"",""has_duplicate"":true,""official_verification_status"":""pending"",""secondary_source_url"":""https://xosominhngoc.net.vn/kqxs-bingo18"",""total"":15,""upstream_claimed_source"":""Vietlott""}",[],https://xosominhngoc.net.vn/kqxs-bingo18,rules_available,valid,[],2026-09-07T16:05:40+00:00
bingo18,0185402,2026-09-07,confirmed,"{""digits"":[2,4,5]}","{""data_source"":""xosominhngoc_net_vn"",""has_duplicate"":false,""official_verification_status"":""pending"",""secondary_source_url"":""https://xosominhngoc.net.vn/kqxs-bingo18"",""total"":11,""upstream_claimed_source"":""Vietlott""}",[],https://xosominhngoc.net.vn/kqxs-bingo18,rules_available,valid,[],2026-09-07T16:05:40+00:00
bingo18,0185403,2026-09-07,confirmed,"{""digits"":[3,1,3]}","{""data_source"":""xosominhngoc_net_vn"",""has_duplicate"":true,""official_verification_status"":""pending"",""secondary_source_url"":""https://xosominhngoc.net.vn/kqxs-bingo18"",""total"":7,""upstream_claimed_source"":""Vietlott""}",[],https://xosominhngoc.net.vn/kqxs-bingo18,rules_available,valid,[],2026-09-07T16:05:40+00:00
bingo18,0185409,2026-09-08,confirmed,"{""digits"":[1,6,2]}","{""data_source"":""xosominhngoc_net_vn"",""has_duplicate"":false,""official_verification_status"":""pending"",""secondary_source_url"":""https://xosominhngoc.net.vn/kqxs-bingo18"",""total"":9,""upstream_claimed_source"":""Vietlott""}",[],https://xosominhngoc.net.vn/kqxs-bingo18,rules_available,valid,[],2026-09-08T01:07:37+00:00
bingo18,0185410,2026-09-08,confirmed,"{""digits"":[2,5,2]}","{""data_source"":""xosominhngoc_net_vn"",""has_duplicate"":true,""official_verification_status"":""pending"",""secondary_source_url"":""https://xosominhngoc.net.vn/kqxs-bingo18"",""total"":9,""upstream_claimed_source"":""Vietlott""}",[],https://xosominhngoc.net.vn/kqxs-bingo18,rules_available,valid,[],2026-09-08T01:07:37+00:00
bingo18,0185411,2026-09-08,confirmed,"{""digits"":[2,6,5]}","{""data_source"":""xosominhngoc_net_vn"",""has_duplicate"":false,""official_verification_status"":""pending"",""secondary_source_url"":""https://xosominhngoc.net.vn/kqxs-bingo18"",""total"":13,""upstream_claimed_source"":""Vietlott""}",[],https://xosominhngoc.net.vn/kqxs-bingo18,rules_available,valid,[],2026-09-08T01:07:37+00:00
bingo18,0185412,2026-09-08,confirmed,"{""digits"":[4,3,2]}","{""data_source"":""xosominhngoc_net_vn"",""has_duplicate"":false,""official_verification_status"":""pending"",""secondary_source_url"":""https://xosominhngoc.net.vn/kqxs-bingo18"",""total"":9,""upstream_claimed_source"":""Vietlott""}",[],https://xosominhngoc.net.vn/kqxs-bingo18,rules_available,valid,[],2026-09-08T01:07:37+00:00
bingo18,0185413,2026-09-08,confirmed,"{""digits"":[5,4,2]}","{""data_source"":""xosominhngoc_net_vn"",""has_duplicate"":false,""official_verification_status"":""pending"",""secondary_source_url"":""https://xosominhngoc.net.vn/kqxs-bingo18"",""total"":11,""upstream_claimed_source"":""Vietlott""}",[],https://xosominhngoc.net.vn/kqxs-bingo18,rules_available,valid,[],2026-09-08T01:07:37+00:00
bingo18,0185414,2026-09-08,confirmed,"{""digits"":[6,3,3]}","{""data_source"":""xosominhngoc_net_vn"",""has_duplicate"":true,""official_verification_status"":""pending"",""secondary_source_url"":""https://xosominhngoc.net.vn/kqxs-bingo18"",""total"":12,""upstream_claimed_source"":""Vietlott""}",[],https://xosominhngoc.net.vn/kqxs-bingo18,rules_available,valid,[],2026-09-08T01:07:37+00:00
bingo18,0185415,2026-09-08,confirmed,"{""digits"":[6,3,1]}","{""data_source"":""xosominhngoc_net_vn"",""has_duplicate"":false,""official_verification_status"":""pending"",""secondary_source_url"":""https://xosominhngoc.net.vn/kqxs-bingo18"",""total"":10,""upstream_claimed_source"":""Vietlott""}",[],https://xosominhngoc.net.vn/kqxs-bingo18,rules_available,valid,[],2026-09-08T01:07:37+00:00
bingo18,0185416,2026-09-08,confirmed,"{""digits"":[1,6,5]}","{""data_source"":""xosominhngoc_net_vn"",""has_duplicate"":false,""official_verification_status"":""pending"",""secondary_source_url"":""https://xosominhngoc.net.vn/kqxs-bingo18"",""total"":12,""upstream_claimed_source"":""Vietlott""}",[],https://xosominhngoc.net.vn/kqxs-bingo18,rules_available,valid,[],2026-09-08T01:07:37+00:00
bingo18,0185417,2026-09-08,confirmed,"{""digits"":[6,5,2]}","{""data_source"":""xosominhngoc_net_vn"",""has_duplicate"":false,""official_verification_status"":""pending"",""secondary_source_url"":""https://xosominhngoc.net.vn/kqxs-bingo18"",""total"":13,""upstream_claimed_source"":""Vietlott""}",[],https://xosominhngoc.net.vn/kqxs-bingo18,rules_available,valid,[],2026-09-08T01:07:37+00:00
bingo18,0185418,2026-09-08,confirmed,"{""digits"":[3,3,4]}","{""data_source"":""xosominhngoc_net_vn"",""has_duplicate"":true,""official_verification_status"":""pending"",""secondary_source_url"":""https://xosominhngoc.net.vn/kqxs-bingo18"",""total"":10,""upstream_claimed_source"":""Vietlott""}",[],https://xosominhngoc.net.vn/kqxs-bingo18,rules_available,valid,[],2026-09-08T01:07:37+00:00
bingo18,0185419,2026-09-08,confirmed,"{""digits"":[3,6,6]}","{""data_source"":""xosominhngoc_net_vn"",""has_duplicate"":true,""official_verification_status"":""pending"",""secondary_source_url"":""https://xosominhngoc.net.vn/kqxs-bingo18"",""total"":15,""upstream_claimed_source"":""Vietlott""}",[],https://xosominhngoc.net.vn/kqxs-bingo18,rules_available,valid,[],2026-09-08T01:07:37+00:00
bingo18,0185420,2026-09-08,confirmed,"{""digits"":[3,1,6]}","{""data_source"":""xosominhngoc_net_vn"",""has_duplicate"":false,""official_verification_status"":""pending"",""secondary_source_url"":""https://xosominhngoc.net.vn/kqxs-bingo18"",""total"":10,""upstream_claimed_source"":""Vietlott""}",[],https://xosominhngoc.net.vn/kqxs-bingo18,rules_available,valid,[],2026-09-08T01:07:37+00:00
bingo18,0185421,2026-09-08,confirmed,"{""digits"":[2,5,4]}","{""data_source"":""xosominhngoc_net_vn"",""has_duplicate"":false,""official_verification_status"":""pending"",""secondary_source_url"":""https://xosominhngoc.net.vn/kqxs-bingo18"",""total"":11,""upstream_claimed_source"":""Vietlott""}",[],https://xosominhngoc.net.vn/kqxs-bingo18,rules_available,valid,[],2026-09-08T01:07:37+00:00
bingo18,0185422,2026-09-08,confirmed,"{""digits"":[4,1,6]}","{""data_source"":""xosominhngoc_net_vn"",""has_duplicate"":false,""official_verification_status"":""pending"",""secondary_source_url"":""https://xosominhngoc.net.vn/kqxs-bingo18"",""total"":11,""upstream_claimed_source"":""Vietlott""}",[],https://xosominhngoc.net.vn/kqxs-bingo18,rules_available,valid,[],2026-09-08T01:07:37+00:00
bingo18,0185423,2026-09-08,confirmed,"{""digits"":[2,4,2]}","{""data_source"":""xosominhngoc_net_vn"",""has_duplicate"":true,""official_verification_status"":""pending"",""secondary_source_url"":""https://xosominhngoc.net.vn/kqxs-bingo18"",""total"":8,""upstream_claimed_source"":""Vietlott""}",[],https://xosominhngoc.net.vn/kqxs-bingo18,rules_available,valid,[],2026-09-08T01:07:37+00:00
bingo18,0185458,2026-09-08,confirmed,"{""digits"":[1,3,5]}","{""data_source"":""xosominhngoc_net_vn"",""has_duplicate"":false,""official_verification_status"":""pending"",""secondary_source_url"":""https://xosominhngoc.net.vn/kqxs-bingo18"",""total"":9,""upstream_claimed_source"":""Vietlott""}",[],https://xosominhngoc.net.vn/kqxs-bingo18,rules_available,valid,[],2026-09-08T05:58:49+00:00
bingo18,0185459,2026-09-08,confirmed,"{""digits"":[4,4,3]}","{""data_source"":""xosominhngoc_net_vn"",""has_duplicate"":true,""official_verification_status"":""pending"",""secondary_source_url"":""https://xosominhngoc.net.vn/kqxs-bingo18"",""total"":11,""upstream_claimed_source"":""Vietlott""}",[],https://xosominhngoc.net.vn/kqxs-bingo18,rules_available,valid,[],2026-09-08T05:58:49+00:00
bingo18,0185460,2026-09-08,confirmed,"{""digits"":[1,3,1]}","{""data_source"":""xosominhngoc_net_vn"",""has_duplicate"":true,""official_verification_status"":""pending"",""secondary_source_url"":""https://xosominhngoc.net.vn/kqxs-bingo18"",""total"":5,""upstream_claimed_source"":""Vietlott""}",[],https://xosominhngoc.net.vn/kqxs-bingo18,rules_available,valid,[],2026-09-08T05:58:49+00:00
bingo18,0185461,2026-09-08,confirmed,"{""digits"":[3,3,1]}","{""data_source"":""xosominhngoc_net_vn"",""has_duplicate"":true,""official_verification_status"":""pending"",""secondary_source_url"":""https://xosominhngoc.net.vn/kqxs-bingo18"",""total"":7,""upstream_claimed_source"":""Vietlott""}",[],https://xosominhngoc.net.vn/kqxs-bingo18,rules_available,valid,[],2026-09-08T05:58:49+00:00
bingo18,0185462,2026-09-08,confirmed,"{""digits"":[3,6,3]}","{""data_source"":""xosominhngoc_net_vn"",""has_duplicate"":true,""official_verification_status"":""pending"",""secondary_source_url"":""https://xosominhngoc.net.vn/kqxs-bingo18"",""total"":12,""upstream_claimed_source"":""Vietlott""}",[],https://xosominhngoc.net.vn/kqxs-bingo18,rules_available,valid,[],2026-09-08T05:58:49+00:00
bingo18,0185463,2026-09-08,confirmed,"{""digits"":[6,3,5]}","{""data_source"":""xosominhngoc_net_vn"",""has_duplicate"":false,""official_verification_status"":""pending"",""secondary_source_url"":""https://xosominhngoc.net.vn/kqxs-bingo18"",""total"":14,""upstream_claimed_source"":""Vietlott""}",[],https://xosominhngoc.net.vn/kqxs-bingo18,rules_available,valid,[],2026-09-08T05:58:49+00:00
bingo18,0185464,2026-09-08,confirmed,"{""digits"":[3,5,3]}","{""data_source"":""xosominhngoc_net_vn"",""has_duplicate"":true,""official_verification_status"":""pending"",""secondary_source_url"":""https://xosominhngoc.net.vn/kqxs-bingo18"",""total"":11,""upstream_claimed_source"":""Vietlott""}",[],https://xosominhngoc.net.vn/kqxs-bingo18,rules_available,valid,[],2026-09-08T05:58:49+00:00
bingo18,0185465,2026-09-08,confirmed,"{""digits"":[5,2,3]}","{""data_source"":""xosominhngoc_net_vn"",""has_duplicate"":false,""official_verification_status"":""pending"",""secondary_source_url"":""https://xosominhngoc.net.vn/kqxs-bingo18"",""total"":10,""upstream_claimed_source"":""Vietlott""}",[],https://xosominhngoc.net.vn/kqxs-bingo18,rules_available,valid,[],2026-09-08T05:58:49+00:00
bingo18,0185466,2026-09-08,confirmed,"{""digits"":[6,6,4]}","{""data_source"":""xosominhngoc_net_vn"",""has_duplicate"":true,""official_verification_status"":""pending"",""secondary_source_url"":""https://xosominhngoc.net.vn/kqxs-bingo18"",""total"":16,""upstream_claimed_source"":""Vietlott""}",[],https://xosominhngoc.net.vn/kqxs-bingo18,rules_available,valid,[],2026-09-08T05:58:49+00:00
bingo18,0185467,2026-09-08,confirmed,"{""digits"":[6,1,1]}","{""data_source"":""xosominhngoc_net_vn"",""has_duplicate"":true,""official_verification_status"":""pending"",""secondary_source_url"":""https://xosominhngoc.net.vn/kqxs-bingo18"",""total"":8,""upstream_claimed_source"":""Vietlott""}",[],https://xosominhngoc.net.vn/kqxs-bingo18,rules_available,valid,[],2026-09-08T05:58:49+00:00
bingo18,0185468,2026-09-08,confirmed,"{""digits"":[1,2,6]}","{""data_source"":""xosominhngoc_net_vn"",""has_duplicate"":false,""official_verification_status"":""pending"",""secondary_source_url"":""https://xosominhngoc.net.vn/kqxs-bingo18"",""total"":9,""upstream_claimed_source"":""Vietlott""}",[],https://xosominhngoc.net.vn/kqxs-bingo18,rules_available,valid,[],2026-09-08T05:58:49+00:00
bingo18,0185469,2026-09-08,confirmed,"{""digits"":[4,4,1]}","{""data_source"":""xosominhngoc_net_vn"",""has_duplicate"":true,""official_verification_status"":""pending"",""secondary_source_url"":""https://xosominhngoc.net.vn/kqxs-bingo18"",""total"":9,""upstream_claimed_source"":""Vietlott""}",[],https://xosominhngoc.net.vn/kqxs-bingo18,rules_available,valid,[],2026-09-08T05:58:49+00:00
bingo18,0185470,2026-09-08,confirmed,"{""digits"":[4,1,6]}","{""data_source"":""xosominhngoc_net_vn"",""has_duplicate"":false,""official_verification_status"":""pending"",""secondary_source_url"":""https://xosominhngoc.net.vn/kqxs-bingo18"",""total"":11,""upstream_claimed_source"":""Vietlott""}",[],https://xosominhngoc.net.vn/kqxs-bingo18,rules_available,valid,[],2026-09-08T05:58:49+00:00
bingo18,0185471,2026-09-08,confirmed,"{""digits"":[4,2,1]}","{""data_source"":""xosominhngoc_net_vn"",""has_duplicate"":false,""official_verification_status"":""pending"",""secondary_source_url"":""https://xosominhngoc.net.vn/kqxs-bingo18"",""total"":7,""upstream_claimed_source"":""Vietlott""}",[],https://xosominhngoc.net.vn/kqxs-bingo18,rules_available,valid,[],2026-09-08T05:58:49+00:00
bingo18,0185472,2026-09-08,confirmed,"{""digits"":[4,5,6]}","{""data_source"":""xosominhngoc_net_vn"",""has_duplicate"":false,""official_verification_status"":""pending"",""secondary_source_url"":""https://xosominhngoc.net.vn/kqxs-bingo18"",""total"":15,""upstream_claimed_source"":""Vietlott""}",[],https://xosominhngoc.net.vn/kqxs-bingo18,rules_available,valid,[],2026-09-08T05:58:49+00:00
bingo18,0185510,2026-09-08,confirmed,"{""digits"":[2,2,3]}","{""data_source"":""xosominhngoc_net_vn"",""has_duplicate"":true,""official_verification_status"":""pending"",""secondary_source_url"":""https://xosominhngoc.net.vn/kqxs-bingo18"",""total"":7,""upstream_claimed_source"":""Vietlott""}",[],https://xosominhngoc.net.vn/kqxs-bingo18,rules_available,valid,[],2026-09-08T11:08:22+00:00
bingo18,0185511,2026-09-08,confirmed,"{""digits"":[1,3,6]}","{""data_source"":""xosominhngoc_net_vn"",""has_duplicate"":false,""official_verification_status"":""pending"",""secondary_source_url"":""https://xosominhngoc.net.vn/kqxs-bingo18"",""total"":10,""upstream_claimed_source"":""Vietlott""}",[],https://xosominhngoc.net.vn/kqxs-bingo18,rules_available,valid,[],2026-09-08T11:08:22+00:00
bingo18,0185512,2026-09-08,confirmed,"{""digits"":[1,5,4]}","{""data_source"":""xosominhngoc_net_vn"",""has_duplicate"":false,""official_verification_status"":""pending"",""secondary_source_url"":""https://xosominhngoc.net.vn/kqxs-bingo18"",""total"":10,""upstream_claimed_source"":""Vietlott""}",[],https://xosominhngoc.net.vn/kqxs-bingo18,rules_available,valid,[],2026-09-08T11:08:22+00:00
bingo18,0185513,2026-09-08,confirmed,"{""digits"":[3,6,2]}","{""data_source"":""xosominhngoc_net_vn"",""has_duplicate"":false,""official_verification_status"":""pending"",""secondary_source_url"":""https://xosominhngoc.net.vn/kqxs-bingo18"",""total"":11,""upstream_claimed_source"":""Vietlott""}",[],https://xosominhngoc.net.vn/kqxs-bingo18,rules_available,valid,[],2026-09-08T11:08:22+00:00
bingo18,0185514,2026-09-08,confirmed,"{""digits"":[6,2,6]}","{""data_source"":""xosominhngoc_net_vn"",""has_duplicate"":true,""official_verification_status"":""pending"",""secondary_source_url"":""https://xosominhngoc.net.vn/kqxs-bingo18"",""total"":14,""upstream_claimed_source"":""Vietlott""}",[],https://xosominhngoc.net.vn/kqxs-bingo18,rules_available,valid,[],2026-09-08T11:08:22+00:00
bingo18,0185515,2026-09-08,confirmed,"{""digits"":[2,6,2]}","{""data_source"":""xosominhngoc_net_vn"",""has_duplicate"":true,""official_verification_status"":""pending"",""secondary_source_url"":""https://xosominhngoc.net.vn/kqxs-bingo18"",""total"":10,""upstream_claimed_source"":""Vietlott""}",[],https://xosominhngoc.net.vn/kqxs-bingo18,rules_available,valid,[],2026-09-08T11:08:22+00:00
bingo18,0185516,2026-09-08,confirmed,"{""digits"":[1,1,1]}","{""data_source"":""xosominhngoc_net_vn"",""has_duplicate"":true,""official_verification_status"":""pending"",""secondary_source_url"":""https://xosominhngoc.net.vn/kqxs-bingo18"",""total"":3,""upstream_claimed_source"":""Vietlott""}",[],https://xosominhngoc.net.vn/kqxs-bingo18,rules_available,valid,[],2026-09-08T11:08:22+00:00
bingo18,0185517,2026-09-08,confirmed,"{""digits"":[6,5,5]}","{""data_source"":""xosominhngoc_net_vn"",""has_duplicate"":true,""official_verification_status"":""pending"",""secondary_source_url"":""https://xosominhngoc.net.vn/kqxs-bingo18"",""total"":16,""upstream_claimed_source"":""Vietlott""}",[],https://xosominhngoc.net.vn/kqxs-bingo18,rules_available,valid,[],2026-09-08T11:08:22+00:00
bingo18,0185518,2026-09-08,confirmed,"{""digits"":[2,4,1]}","{""data_source"":""xosominhngoc_net_vn"",""has_duplicate"":false,""official_verification_status"":""pending"",""secondary_source_url"":""https://xosominhngoc.net.vn/kqxs-bingo18"",""total"":7,""upstream_claimed_source"":""Vietlott""}",[],https://xosominhngoc.net.vn/kqxs-bingo18,rules_available,valid,[],2026-09-08T11:08:22+00:00
bingo18,0185519,2026-09-08,confirmed,"{""digits"":[6,3,6]}","{""data_source"":""xosominhngoc_net_vn"",""has_duplicate"":true,""official_verification_status"":""pending"",""secondary_source_url"":""https://xosominhngoc.net.vn/kqxs-bingo18"",""total"":15,""upstream_claimed_source"":""Vietlott""}",[],https://xosominhngoc.net.vn/kqxs-bingo18,rules_available,valid,[],2026-09-08T11:08:22+00:00
bingo18,0185520,2026-09-08,confirmed,"{""digits"":[1,3,2]}","{""data_source"":""xosominhngoc_net_vn"",""has_duplicate"":false,""official_verification_status"":""pending"",""secondary_source_url"":""https://xosominhngoc.net.vn/kqxs-bingo18"",""total"":6,""upstream_claimed_source"":""Vietlott""}",[],https://xosominhngoc.net.vn/kqxs-bingo18,rules_available,valid,[],2026-09-08T11:08:22+00:00
bingo18,0185521,2026-09-08,confirmed,"{""digits"":[6,2,4]}","{""data_source"":""xosominhngoc_net_vn"",""has_duplicate"":false,""official_verification_status"":""pending"",""secondary_source_url"":""https://xosominhngoc.net.vn/kqxs-bingo18"",""total"":12,""upstream_claimed_source"":""Vietlott""}",[],https://xosominhngoc.net.vn/kqxs-bingo18,rules_available,valid,[],2026-09-08T11:08:22+00:00
bingo18,0185522,2026-09-08,confirmed,"{""digits"":[6,3,2]}","{""data_source"":""xosominhngoc_net_vn"",""has_duplicate"":false,""official_verification_status"":""pending"",""secondary_source_url"":""https://xosominhngoc.net.vn/kqxs-bingo18"",""total"":11,""upstream_claimed_source"":""Vietlott""}",[],https://xosominhngoc.net.vn/kqxs-bingo18,rules_available,valid,[],2026-09-08T11:08:22+00:00
bingo18,0185523,2026-09-08,confirmed,"{""digits"":[6,3,6]}","{""data_source"":""xosominhngoc_net_vn"",""has_duplicate"":true,""official_verification_status"":""pending"",""secondary_source_url"":""https://xosominhngoc.net.vn/kqxs-bingo18"",""total"":15,""upstream_claimed_source"":""Vietlott""}",[],https://xosominhngoc.net.vn/kqxs-bingo18,rules_available,valid,[],2026-09-08T11:08:22+00:00
bingo18,0185524,2026-09-08,confirmed,"{""digits"":[5,3,3]}","{""data_source"":""xosominhngoc_net_vn"",""has_duplicate"":true,""official_verification_status"":""pending"",""secondary_source_url"":""https://xosominhngoc.net.vn/kqxs-bingo18"",""total"":11,""upstream_claimed_source"":""Vietlott""}",[],https://xosominhngoc.net.vn/kqxs-bingo18,rules_available,valid,[],2026-09-08T11:08:22+00:00
bingo18,0185548,2026-09-08,confirmed,"{""digits"":[5,3,1]}","{""data_source"":""xosominhngoc_net_vn"",""has_duplicate"":false,""official_verification_status"":""pending"",""secondary_source_url"":""https://xosominhngoc.net.vn/kqxs-bingo18"",""total"":9,""upstream_claimed_source"":""Vietlott""}",[],https://xosominhngoc.net.vn/kqxs-bingo18,rules_available,valid,[],2026-09-08T15:07:18+00:00
bingo18,0185549,2026-09-08,confirmed,"{""digits"":[1,6,3]}","{""data_source"":""xosominhngoc_net_vn"",""has_duplicate"":false,""official_verification_status"":""pending"",""secondary_source_url"":""https://xosominhngoc.net.vn/kqxs-bingo18"",""total"":10,""upstream_claimed_source"":""Vietlott""}",[],https://xosominhngoc.net.vn/kqxs-bingo18,rules_available,valid,[],2026-09-08T15:07:18+00:00
bingo18,0185550,2026-09-08,confirmed,"{""digits"":[2,4,3]}","{""data_source"":""xosominhngoc_net_vn"",""has_duplicate"":false,""official_verification_status"":""pending"",""secondary_source_url"":""https://xosominhngoc.net.vn/kqxs-bingo18"",""total"":9,""upstream_claimed_source"":""Vietlott""}",[],https://xosominhngoc.net.vn/kqxs-bingo18,rules_available,valid,[],2026-09-08T15:07:18+00:00
bingo18,0185551,2026-09-08,confirmed,"{""digits"":[4,6,1]}","{""data_source"":""xosominhngoc_net_vn"",""has_duplicate"":false,""official_verification_status"":""pending"",""secondary_source_url"":""https://xosominhngoc.net.vn/kqxs-bingo18"",""total"":11,""upstream_claimed_source"":""Vietlott""}",[],https://xosominhngoc.net.vn/kqxs-bingo18,rules_available,valid,[],2026-09-08T15:07:18+00:00
bingo18,0185552,2026-09-08,confirmed,"{""digits"":[3,4,4]}","{""data_source"":""xosominhngoc_net_vn"",""has_duplicate"":true,""official_verification_status"":""pending"",""secondary_source_url"":""https://xosominhngoc.net.vn/kqxs-bingo18"",""total"":11,""upstream_claimed_source"":""Vietlott""}",[],https://xosominhngoc.net.vn/kqxs-bingo18,rules_available,valid,[],2026-09-08T15:07:18+00:00
bingo18,0185553,2026-09-08,confirmed,"{""digits"":[6,5,3]}","{""data_source"":""xosominhngoc_net_vn"",""has_duplicate"":false,""official_verification_status"":""pending"",""secondary_source_url"":""https://xosominhngoc.net.vn/kqxs-bingo18"",""total"":14,""upstream_claimed_source"":""Vietlott""}",[],https://xosominhngoc.net.vn/kqxs-bingo18,rules_available,valid,[],2026-09-08T15:07:18+00:00
bingo18,0185554,2026-09-08,confirmed,"{""digits"":[4,2,3]}","{""data_source"":""xosominhngoc_net_vn"",""has_duplicate"":false,""official_verification_status"":""pending"",""secondary_source_url"":""https://xosominhngoc.net.vn/kqxs-bingo18"",""total"":9,""upstream_claimed_source"":""Vietlott""}",[],https://xosominhngoc.net.vn/kqxs-bingo18,rules_available,valid,[],2026-09-08T15:07:18+00:00
bingo18,0185555,2026-09-08,confirmed,"{""digits"":[1,2,1]}","{""data_source"":""xosominhngoc_net_vn"",""has_duplicate"":true,""official_verification_status"":""pending"",""secondary_source_url"":""https://xosominhngoc.net.vn/kqxs-bingo18"",""total"":4,""upstream_claimed_source"":""Vietlott""}",[],https://xosominhngoc.net.vn/kqxs-bingo18,rules_available,valid,[],2026-09-08T15:07:18+00:00
bingo18,0185556,2026-09-08,confirmed,"{""digits"":[3,6,5]}","{""data_source"":""xosominhngoc_net_vn"",""has_duplicate"":false,""official_verification_status"":""pending"",""secondary_source_url"":""https://xosominhngoc.net.vn/kqxs-bingo18"",""total"":14,""upstream_claimed_source"":""Vietlott""}",[],https://xosominhngoc.net.vn/kqxs-bingo18,rules_available,valid,[],2026-09-08T15:07:18+00:00
bingo18,0185557,2026-09-08,confirmed,"{""digits"":[3,4,4]}","{""data_source"":""xosominhngoc_net_vn"",""has_duplicate"":true,""official_verification_status"":""pending"",""secondary_source_url"":""https://xosominhngoc.net.vn/kqxs-bingo18"",""total"":11,""upstream_claimed_source"":""Vietlott""}",[],https://xosominhngoc.net.vn/kqxs-bingo18,rules_available,valid,[],2026-09-08T15:07:18+00:00
bingo18,0185558,2026-09-08,confirmed,"{""digits"":[5,1,4]}","{""data_source"":""xosominhngoc_net_vn"",""has_duplicate"":false,""official_verification_status"":""pending"",""secondary_source_url"":""https://xosominhngoc.net.vn/kqxs-bingo18"",""total"":10,""upstream_claimed_source"":""Vietlott""}",[],https://xosominhngoc.net.vn/kqxs-bingo18,rules_available,valid,[],2026-09-08T15:07:18+00:00
bingo18,0185559,2026-09-08,confirmed,"{""digits"":[1,4,6]}","{""data_source"":""xosominhngoc_net_vn"",""has_duplicate"":false,""official_verification_status"":""pending"",""secondary_source_url"":""https://xosominhngoc.net.vn/kqxs-bingo18"",""total"":11,""upstream_claimed_source"":""Vietlott""}",[],https://xosominhngoc.net.vn/kqxs-bingo18,rules_available,valid,[],2026-09-08T15:07:18+00:00
bingo18,0185560,2026-09-08,confirmed,"{""digits"":[5,1,5]}","{""data_source"":""xosominhngoc_net_vn"",""has_duplicate"":true,""official_verification_status"":""pending"",""secondary_source_url"":""https://xosominhngoc.net.vn/kqxs-bingo18"",""total"":11,""upstream_claimed_source"":""Vietlott""}",[],https://xosominhngoc.net.vn/kqxs-bingo18,rules_available,valid,[],2026-09-08T15:07:18+00:00
bingo18,0185561,2026-09-08,confirmed,"{""digits"":[6,2,1]}","{""data_source"":""xosominhngoc_net_vn"",""has_duplicate"":false,""official_verification_status"":""pending"",""secondary_source_url"":""https://xosominhngoc.net.vn/kqxs-bingo18"",""total"":9,""upstream_claimed_source"":""Vietlott""}",[],https://xosominhngoc.net.vn/kqxs-bingo18,rules_available,valid,[],2026-09-08T15:07:18+00:00
bingo18,0185562,2026-09-08,confirmed,"{""digits"":[5,2,6]}","{""data_source"":""xosominhngoc_net_vn"",""has_duplicate"":false,""official_verification_status"":""pending"",""secondary_source_url"":""https://xosominhngoc.net.vn/kqxs-bingo18"",""total"":13,""upstream_claimed_source"":""Vietlott""}",[],https://xosominhngoc.net.vn/kqxs-bingo18,rules_available,valid,[],2026-09-08T15:07:18+00:00
bingo18,0185569,2026-09-09,confirmed,"{""digits"":[6,6,5]}","{""data_source"":""xosominhngoc_net_vn"",""has_duplicate"":true,""official_verification_status"":""pending"",""secondary_source_url"":""https://xosominhngoc.net.vn/kqxs-bingo18"",""total"":17,""upstream_claimed_source"":""Vietlott""}",[],https://xosominhngoc.net.vn/kqxs-bingo18,rules_available,valid,[],2026-09-09T01:12:26+00:00
bingo18,0185570,2026-09-09,confirmed,"{""digits"":[4,5,6]}","{""data_source"":""xosominhngoc_net_vn"",""has_duplicate"":false,""official_verification_status"":""pending"",""secondary_source_url"":""https://xosominhngoc.net.vn/kqxs-bingo18"",""total"":15,""upstream_claimed_source"":""Vietlott""}",[],https://xosominhngoc.net.vn/kqxs-bingo18,rules_available,valid,[],2026-09-09T01:12:26+00:00
bingo18,0185571,2026-09-09,confirmed,"{""digits"":[4,3,2]}","{""data_source"":""xosominhngoc_net_vn"",""has_duplicate"":false,""official_verification_status"":""pending"",""secondary_source_url"":""https://xosominhngoc.net.vn/kqxs-bingo18"",""total"":9,""upstream_claimed_source"":""Vietlott""}",[],https://xosominhngoc.net.vn/kqxs-bingo18,rules_available,valid,[],2026-09-09T01:12:26+00:00
bingo18,0185572,2026-09-09,confirmed,"{""digits"":[1,3,1]}","{""data_source"":""xosominhngoc_net_vn"",""has_duplicate"":true,""official_verification_status"":""pending"",""secondary_source_url"":""https://xosominhngoc.net.vn/kqxs-bingo18"",""total"":5,""upstream_claimed_source"":""Vietlott""}",[],https://xosominhngoc.net.vn/kqxs-bingo18,rules_available,valid,[],2026-09-09T01:12:26+00:00
bingo18,0185573,2026-09-09,confirmed,"{""digits"":[2,5,1]}","{""data_source"":""xosominhngoc_net_vn"",""has_duplicate"":false,""official_verification_status"":""pending"",""secondary_source_url"":""https://xosominhngoc.net.vn/kqxs-bingo18"",""total"":8,""upstream_claimed_source"":""Vietlott""}",[],https://xosominhngoc.net.vn/kqxs-bingo18,rules_available,valid,[],2026-09-09T01:12:26+00:00
bingo18,0185574,2026-09-09,confirmed,"{""digits"":[6,1,2]}","{""data_source"":""xosominhngoc_net_vn"",""has_duplicate"":false,""official_verification_status"":""pending"",""secondary_source_url"":""https://xosominhngoc.net.vn/kqxs-bingo18"",""total"":9,""upstream_claimed_source"":""Vietlott""}",[],https://xosominhngoc.net.vn/kqxs-bingo18,rules_available,valid,[],2026-09-09T01:12:26+00:00
bingo18,0185575,2026-09-09,confirmed,"{""digits"":[2,3,2]}","{""data_source"":""xosominhngoc_net_vn"",""has_duplicate"":true,""official_verification_status"":""pending"",""secondary_source_url"":""https://xosominhngoc.net.vn/kqxs-bingo18"",""total"":7,""upstream_claimed_source"":""Vietlott""}",[],https://xosominhngoc.net.vn/kqxs-bingo18,rules_available,valid,[],2026-09-09T01:12:26+00:00
bingo18,0185576,2026-09-09,confirmed,"{""digits"":[5,1,5]}","{""data_source"":""xosominhngoc_net_vn"",""has_duplicate"":true,""official_verification_status"":""pending"",""secondary_source_url"":""https://xosominhngoc.net.vn/kqxs-bingo18"",""total"":11,""upstream_claimed_source"":""Vietlott""}",[],https://xosominhngoc.net.vn/kqxs-bingo18,rules_available,valid,[],2026-09-09T01:12:26+00:00
bingo18,0185577,2026-09-09,confirmed,"{""digits"":[4,4,5]}","{""data_source"":""xosominhngoc_net_vn"",""has_duplicate"":true,""official_verification_status"":""pending"",""secondary_source_url"":""https://xosominhngoc.net.vn/kqxs-bingo18"",""total"":13,""upstream_claimed_source"":""Vietlott""}",[],https://xosominhngoc.net.vn/kqxs-bingo18,rules_available,valid,[],2026-09-09T01:12:26+00:00
bingo18,0185578,2026-09-09,confirmed,"{""digits"":[6,6,6]}","{""data_source"":""xosominhngoc_net_vn"",""has_duplicate"":true,""official_verification_status"":""pending"",""secondary_source_url"":""https://xosominhngoc.net.vn/kqxs-bingo18"",""total"":18,""upstream_claimed_source"":""Vietlott""}",[],https://xosominhngoc.net.vn/kqxs-bingo18,rules_available,valid,[],2026-09-09T01:12:26+00:00
bingo18,0185579,2026-09-09,confirmed,"{""digits"":[3,6,2]}","{""data_source"":""xosominhngoc_net_vn"",""has_duplicate"":false,""official_verification_status"":""pending"",""secondary_source_url"":""https://xosominhngoc.net.vn/kqxs-bingo18"",""total"":11,""upstream_claimed_source"":""Vietlott""}",[],https://xosominhngoc.net.vn/kqxs-bingo18,rules_available,valid,[],2026-09-09T01:12:26+00:00
bingo18,0185580,2026-09-09,confirmed,"{""digits"":[1,6,3]}","{""data_source"":""xosominhngoc_net_vn"",""has_duplicate"":false,""official_verification_status"":""pending"",""secondary_source_url"":""https://xosominhngoc.net.vn/kqxs-bingo18"",""total"":10,""upstream_claimed_source"":""Vietlott""}",[],https://xosominhngoc.net.vn/kqxs-bingo18,rules_available,valid,[],2026-09-09T01:12:26+00:00
bingo18,0185581,2026-09-09,confirmed,"{""digits"":[4,3,6]}","{""data_source"":""xosominhngoc_net_vn"",""has_duplicate"":false,""official_verification_status"":""pending"",""secondary_source_url"":""https://xosominhngoc.net.vn/kqxs-bingo18"",""total"":13,""upstream_claimed_source"":""Vietlott""}",[],https://xosominhngoc.net.vn/kqxs-bingo18,rules_available,valid,[],2026-09-09T01:12:26+00:00
bingo18,0185582,2026-09-09,confirmed,"{""digits"":[6,1,1]}","{""data_source"":""xosominhngoc_net_vn"",""has_duplicate"":true,""official_verification_status"":""pending"",""secondary_source_url"":""https://xosominhngoc.net.vn/kqxs-bingo18"",""total"":8,""upstream_claimed_source"":""Vietlott""}",[],https://xosominhngoc.net.vn/kqxs-bingo18,rules_available,valid,[],2026-09-09T01:12:26+00:00
bingo18,0185583,2026-09-09,confirmed,"{""digits"":[6,1,3]}","{""data_source"":""xosominhngoc_net_vn"",""has_duplicate"":false,""official_verification_status"":""pending"",""secondary_source_url"":""https://xosominhngoc.net.vn/kqxs-bingo18"",""total"":10,""upstream_claimed_source"":""Vietlott""}",[],https://xosominhngoc.net.vn/kqxs-bingo18,rules_available,valid,[],2026-09-09T01:12:26+00:00
bingo18,0185618,2026-09-09,confirmed,"{""digits"":[4,1,6]}","{""data_source"":""xosominhngoc_net_vn"",""has_duplicate"":false,""official_verification_status"":""pending"",""secondary_source_url"":""https://xosominhngoc.net.vn/kqxs-bingo18"",""total"":11,""upstream_claimed_source"":""Vietlott""}",[],https://xosominhngoc.net.vn/kqxs-bingo18,rules_available,valid,[],2026-09-09T06:00:30+00:00
bingo18,0185619,2026-09-09,confirmed,"{""digits"":[2,2,4]}","{""data_source"":""xosominhngoc_net_vn"",""has_duplicate"":true,""official_verification_status"":""pending"",""secondary_source_url"":""https://xosominhngoc.net.vn/kqxs-bingo18"",""total"":8,""upstream_claimed_source"":""Vietlott""}",[],https://xosominhngoc.net.vn/kqxs-bingo18,rules_available,valid,[],2026-09-09T06:00:30+00:00
bingo18,0185620,2026-09-09,confirmed,"{""digits"":[4,1,1]}","{""data_source"":""xosominhngoc_net_vn"",""has_duplicate"":true,""official_verification_status"":""pending"",""secondary_source_url"":""https://xosominhngoc.net.vn/kqxs-bingo18"",""total"":6,""upstream_claimed_source"":""Vietlott""}",[],https://xosominhngoc.net.vn/kqxs-bingo18,rules_available,valid,[],2026-09-09T06:00:30+00:00
bingo18,0185621,2026-09-09,confirmed,"{""digits"":[3,3,3]}","{""data_source"":""xosominhngoc_net_vn"",""has_duplicate"":true,""official_verification_status"":""pending"",""secondary_source_url"":""https://xosominhngoc.net.vn/kqxs-bingo18"",""total"":9,""upstream_claimed_source"":""Vietlott""}",[],https://xosominhngoc.net.vn/kqxs-bingo18,rules_available,valid,[],2026-09-09T06:00:30+00:00
bingo18,0185622,2026-09-09,confirmed,"{""digits"":[1,3,3]}","{""data_source"":""xosominhngoc_net_vn"",""has_duplicate"":true,""official_verification_status"":""pending"",""secondary_source_url"":""https://xosominhngoc.net.vn/kqxs-bingo18"",""total"":7,""upstream_claimed_source"":""Vietlott""}",[],https://xosominhngoc.net.vn/kqxs-bingo18,rules_available,valid,[],2026-09-09T06:00:30+00:00
bingo18,0185623,2026-09-09,confirmed,"{""digits"":[1,1,4]}","{""data_source"":""xosominhngoc_net_vn"",""has_duplicate"":true,""official_verification_status"":""pending"",""secondary_source_url"":""https://xosominhngoc.net.vn/kqxs-bingo18"",""total"":6,""upstream_claimed_source"":""Vietlott""}",[],https://xosominhngoc.net.vn/kqxs-bingo18,rules_available,valid,[],2026-09-09T06:00:30+00:00
bingo18,0185624,2026-09-09,confirmed,"{""digits"":[3,3,3]}","{""data_source"":""xosominhngoc_net_vn"",""has_duplicate"":true,""official_verification_status"":""pending"",""secondary_source_url"":""https://xosominhngoc.net.vn/kqxs-bingo18"",""total"":9,""upstream_claimed_source"":""Vietlott""}",[],https://xosominhngoc.net.vn/kqxs-bingo18,rules_available,valid,[],2026-09-09T06:00:30+00:00
bingo18,0185625,2026-09-09,confirmed,"{""digits"":[3,6,3]}","{""data_source"":""xosominhngoc_net_vn"",""has_duplicate"":true,""official_verification_status"":""pending"",""secondary_source_url"":""https://xosominhngoc.net.vn/kqxs-bingo18"",""total"":12,""upstream_claimed_source"":""Vietlott""}",[],https://xosominhngoc.net.vn/kqxs-bingo18,rules_available,valid,[],2026-09-09T06:00:30+00:00
bingo18,0185626,2026-09-09,confirmed,"{""digits"":[1,4,3]}","{""data_source"":""xosominhngoc_net_vn"",""has_duplicate"":false,""official_verification_status"":""pending"",""secondary_source_url"":""https://xosominhngoc.net.vn/kqxs-bingo18"",""total"":8,""upstream_claimed_source"":""Vietlott""}",[],https://xosominhngoc.net.vn/kqxs-bingo18,rules_available,valid,[],2026-09-09T06:00:30+00:00
bingo18,0185627,2026-09-09,confirmed,"{""digits"":[4,5,1]}","{""data_source"":""xosominhngoc_net_vn"",""has_duplicate"":false,""official_verification_status"":""pending"",""secondary_source_url"":""https://xosominhngoc.net.vn/kqxs-bingo18"",""total"":10,""upstream_claimed_source"":""Vietlott""}",[],https://xosominhngoc.net.vn/kqxs-bingo18,rules_available,valid,[],2026-09-09T06:00:30+00:00
bingo18,0185628,2026-09-09,confirmed,"{""digits"":[1,2,2]}","{""data_source"":""xosominhngoc_net_vn"",""has_duplicate"":true,""official_verification_status"":""pending"",""secondary_source_url"":""https://xosominhngoc.net.vn/kqxs-bingo18"",""total"":5,""upstream_claimed_source"":""Vietlott""}",[],https://xosominhngoc.net.vn/kqxs-bingo18,rules_available,valid,[],2026-09-09T06:00:30+00:00
bingo18,0185629,2026-09-09,confirmed,"{""digits"":[2,4,4]}","{""data_source"":""xosominhngoc_net_vn"",""has_duplicate"":true,""official_verification_status"":""pending"",""secondary_source_url"":""https://xosominhngoc.net.vn/kqxs-bingo18"",""total"":10,""upstream_claimed_source"":""Vietlott""}",[],https://xosominhngoc.net.vn/kqxs-bingo18,rules_available,valid,[],2026-09-09T06:00:30+00:00
bingo18,0185630,2026-09-09,confirmed,"{""digits"":[6,4,6]}","{""data_source"":""xosominhngoc_net_vn"",""has_duplicate"":true,""official_verification_status"":""pending"",""secondary_source_url"":""https://xosominhngoc.net.vn/kqxs-bingo18"",""total"":16,""upstream_claimed_source"":""Vietlott""}",[],https://xosominhngoc.net.vn/kqxs-bingo18,rules_available,valid,[],2026-09-09T06:00:30+00:00
bingo18,0185631,2026-09-09,confirmed,"{""digits"":[5,6,4]}","{""data_source"":""xosominhngoc_net_vn"",""has_duplicate"":false,""official_verification_status"":""pending"",""secondary_source_url"":""https://xosominhngoc.net.vn/kqxs-bingo18"",""total"":15,""upstream_claimed_source"":""Vietlott""}",[],https://xosominhngoc.net.vn/kqxs-bingo18,rules_available,valid,[],2026-09-09T06:00:30+00:00
bingo18,0185632,2026-09-09,confirmed,"{""digits"":[3,4,2]}","{""data_source"":""xosominhngoc_net_vn"",""has_duplicate"":false,""official_verification_status"":""pending"",""secondary_source_url"":""https://xosominhngoc.net.vn/kqxs-bingo18"",""total"":9,""upstream_claimed_source"":""Vietlott""}",[],https://xosominhngoc.net.vn/kqxs-bingo18,rules_available,valid,[],2026-09-09T06:00:30+00:00
bingo18,0185669,2026-09-09,confirmed,"{""digits"":[5,1,4]}","{""data_source"":""xosominhngoc_net_vn"",""has_duplicate"":false,""official_verification_status"":""pending"",""secondary_source_url"":""https://xosominhngoc.net.vn/kqxs-bingo18"",""total"":10,""upstream_claimed_source"":""Vietlott""}",[],https://xosominhngoc.net.vn/kqxs-bingo18,rules_available,valid,[],2026-09-09T11:12:28+00:00
bingo18,0185670,2026-09-09,confirmed,"{""digits"":[3,2,6]}","{""data_source"":""xosominhngoc_net_vn"",""has_duplicate"":false,""official_verification_status"":""pending"",""secondary_source_url"":""https://xosominhngoc.net.vn/kqxs-bingo18"",""total"":11,""upstream_claimed_source"":""Vietlott""}",[],https://xosominhngoc.net.vn/kqxs-bingo18,rules_available,valid,[],2026-09-09T11:12:28+00:00
bingo18,0185671,2026-09-09,confirmed,"{""digits"":[3,6,5]}","{""data_source"":""xosominhngoc_net_vn"",""has_duplicate"":false,""official_verification_status"":""pending"",""secondary_source_url"":""https://xosominhngoc.net.vn/kqxs-bingo18"",""total"":14,""upstream_claimed_source"":""Vietlott""}",[],https://xosominhngoc.net.vn/kqxs-bingo18,rules_available,valid,[],2026-09-09T11:12:28+00:00
bingo18,0185672,2026-09-09,confirmed,"{""digits"":[3,6,1]}","{""data_source"":""xosominhngoc_net_vn"",""has_duplicate"":false,""official_verification_status"":""pending"",""secondary_source_url"":""https://xosominhngoc.net.vn/kqxs-bingo18"",""total"":10,""upstream_claimed_source"":""Vietlott""}",[],https://xosominhngoc.net.vn/kqxs-bingo18,rules_available,valid,[],2026-09-09T11:12:28+00:00
bingo18,0185673,2026-09-09,confirmed,"{""digits"":[2,6,1]}","{""data_source"":""xosominhngoc_net_vn"",""has_duplicate"":false,""official_verification_status"":""pending"",""secondary_source_url"":""https://xosominhngoc.net.vn/kqxs-bingo18"",""total"":9,""upstream_claimed_source"":""Vietlott""}",[],https://xosominhngoc.net.vn/kqxs-bingo18,rules_available,valid,[],2026-09-09T11:12:28+00:00
bingo18,0185674,2026-09-09,confirmed,"{""digits"":[4,5,5]}","{""data_source"":""xosominhngoc_net_vn"",""has_duplicate"":true,""official_verification_status"":""pending"",""secondary_source_url"":""https://xosominhngoc.net.vn/kqxs-bingo18"",""total"":14,""upstream_claimed_source"":""Vietlott""}",[],https://xosominhngoc.net.vn/kqxs-bingo18,rules_available,valid,[],2026-09-09T11:12:28+00:00
bingo18,0185675,2026-09-09,confirmed,"{""digits"":[4,3,5]}","{""data_source"":""xosominhngoc_net_vn"",""has_duplicate"":false,""official_verification_status"":""pending"",""secondary_source_url"":""https://xosominhngoc.net.vn/kqxs-bingo18"",""total"":12,""upstream_claimed_source"":""Vietlott""}",[],https://xosominhngoc.net.vn/kqxs-bingo18,rules_available,valid,[],2026-09-09T11:12:28+00:00
bingo18,0185676,2026-09-09,confirmed,"{""digits"":[4,4,6]}","{""data_source"":""xosominhngoc_net_vn"",""has_duplicate"":true,""official_verification_status"":""pending"",""secondary_source_url"":""https://xosominhngoc.net.vn/kqxs-bingo18"",""total"":14,""upstream_claimed_source"":""Vietlott""}",[],https://xosominhngoc.net.vn/kqxs-bingo18,rules_available,valid,[],2026-09-09T11:12:28+00:00
bingo18,0185677,2026-09-09,confirmed,"{""digits"":[6,6,5]}","{""data_source"":""xosominhngoc_net_vn"",""has_duplicate"":true,""official_verification_status"":""pending"",""secondary_source_url"":""https://xosominhngoc.net.vn/kqxs-bingo18"",""total"":17,""upstream_claimed_source"":""Vietlott""}",[],https://xosominhngoc.net.vn/kqxs-bingo18,rules_available,valid,[],2026-09-09T11:12:28+00:00
bingo18,0185678,2026-09-09,confirmed,"{""digits"":[4,5,5]}","{""data_source"":""xosominhngoc_net_vn"",""has_duplicate"":true,""official_verification_status"":""pending"",""secondary_source_url"":""https://xosominhngoc.net.vn/kqxs-bingo18"",""total"":14,""upstream_claimed_source"":""Vietlott""}",[],https://xosominhngoc.net.vn/kqxs-bingo18,rules_available,valid,[],2026-09-09T11:12:28+00:00
bingo18,0185679,2026-09-09,confirmed,"{""digits"":[4,6,6]}","{""data_source"":""xosominhngoc_net_vn"",""has_duplicate"":true,""official_verification_status"":""pending"",""secondary_source_url"":""https://xosominhngoc.net.vn/kqxs-bingo18"",""total"":16,""upstream_claimed_source"":""Vietlott""}",[],https://xosominhngoc.net.vn/kqxs-bingo18,rules_available,valid,[],2026-09-09T11:12:28+00:00
bingo18,0185680,2026-09-09,confirmed,"{""digits"":[3,1,4]}","{""data_source"":""xosominhngoc_net_vn"",""has_duplicate"":false,""official_verification_status"":""pending"",""secondary_source_url"":""https://xosominhngoc.net.vn/kqxs-bingo18"",""total"":8,""upstream_claimed_source"":""Vietlott""}",[],https://xosominhngoc.net.vn/kqxs-bingo18,rules_available,valid,[],2026-09-09T11:12:28+00:00
bingo18,0185681,2026-09-09,confirmed,"{""digits"":[2,6,2]}","{""data_source"":""xosominhngoc_net_vn"",""has_duplicate"":true,""official_verification_status"":""pending"",""secondary_source_url"":""https://xosominhngoc.net.vn/kqxs-bingo18"",""total"":10,""upstream_claimed_source"":""Vietlott""}",[],https://xosominhngoc.net.vn/kqxs-bingo18,rules_available,valid,[],2026-09-09T11:12:28+00:00
bingo18,0185682,2026-09-09,confirmed,"{""digits"":[2,4,2]}","{""data_source"":""xosominhngoc_net_vn"",""has_duplicate"":true,""official_verification_status"":""pending"",""secondary_source_url"":""https://xosominhngoc.net.vn/kqxs-bingo18"",""total"":8,""upstream_claimed_source"":""Vietlott""}",[],https://xosominhngoc.net.vn/kqxs-bingo18,rules_available,valid,[],2026-09-09T11:12:28+00:00
bingo18,0185683,2026-09-09,confirmed,"{""digits"":[3,1,1]}","{""data_source"":""xosominhngoc_net_vn"",""has_duplicate"":true,""official_verification_status"":""pending"",""secondary_source_url"":""https://xosominhngoc.net.vn/kqxs-bingo18"",""total"":5,""upstream_claimed_source"":""Vietlott""}",[],https://xosominhngoc.net.vn/kqxs-bingo18,rules_available,valid,[],2026-09-09T11:12:28+00:00
bingo18,0185707,2026-09-09,confirmed,"{""digits"":[5,3,6]}","{""data_source"":""xosominhngoc_net_vn"",""has_duplicate"":false,""official_verification_status"":""pending"",""secondary_source_url"":""https://xosominhngoc.net.vn/kqxs-bingo18"",""total"":14,""upstream_claimed_source"":""Vietlott""}",[],https://xosominhngoc.net.vn/kqxs-bingo18,rules_available,valid,[],2026-09-09T15:08:27+00:00
bingo18,0185708,2026-09-09,confirmed,"{""digits"":[6,2,2]}","{""data_source"":""xosominhngoc_net_vn"",""has_duplicate"":true,""official_verification_status"":""pending"",""secondary_source_url"":""https://xosominhngoc.net.vn/kqxs-bingo18"",""total"":10,""upstream_claimed_source"":""Vietlott""}",[],https://xosominhngoc.net.vn/kqxs-bingo18,rules_available,valid,[],2026-09-09T15:08:27+00:00
bingo18,0185709,2026-09-09,confirmed,"{""digits"":[5,2,1]}","{""data_source"":""xosominhngoc_net_vn"",""has_duplicate"":false,""official_verification_status"":""pending"",""secondary_source_url"":""https://xosominhngoc.net.vn/kqxs-bingo18"",""total"":8,""upstream_claimed_source"":""Vietlott""}",[],https://xosominhngoc.net.vn/kqxs-bingo18,rules_available,valid,[],2026-09-09T15:08:27+00:00
bingo18,0185710,2026-09-09,confirmed,"{""digits"":[1,1,1]}","{""data_source"":""xosominhngoc_net_vn"",""has_duplicate"":true,""official_verification_status"":""pending"",""secondary_source_url"":""https://xosominhngoc.net.vn/kqxs-bingo18"",""total"":3,""upstream_claimed_source"":""Vietlott""}",[],https://xosominhngoc.net.vn/kqxs-bingo18,rules_available,valid,[],2026-09-09T15:08:27+00:00
bingo18,0185711,2026-09-09,confirmed,"{""digits"":[1,3,3]}","{""data_source"":""xosominhngoc_net_vn"",""has_duplicate"":true,""official_verification_status"":""pending"",""secondary_source_url"":""https://xosominhngoc.net.vn/kqxs-bingo18"",""total"":7,""upstream_claimed_source"":""Vietlott""}",[],https://xosominhngoc.net.vn/kqxs-bingo18,rules_available,valid,[],2026-09-09T15:08:27+00:00
bingo18,0185712,2026-09-09,confirmed,"{""digits"":[2,2,3]}","{""data_source"":""xosominhngoc_net_vn"",""has_duplicate"":true,""official_verification_status"":""pending"",""secondary_source_url"":""https://xosominhngoc.net.vn/kqxs-bingo18"",""total"":7,""upstream_claimed_source"":""Vietlott""}",[],https://xosominhngoc.net.vn/kqxs-bingo18,rules_available,valid,[],2026-09-09T15:08:27+00:00
bingo18,0185713,2026-09-09,confirmed,"{""digits"":[6,1,4]}","{""data_source"":""xosominhngoc_net_vn"",""has_duplicate"":false,""official_verification_status"":""pending"",""secondary_source_url"":""https://xosominhngoc.net.vn/kqxs-bingo18"",""total"":11,""upstream_claimed_source"":""Vietlott""}",[],https://xosominhngoc.net.vn/kqxs-bingo18,rules_available,valid,[],2026-09-09T15:08:27+00:00
bingo18,0185714,2026-09-09,confirmed,"{""digits"":[2,6,2]}","{""data_source"":""xosominhngoc_net_vn"",""has_duplicate"":true,""official_verification_status"":""pending"",""secondary_source_url"":""https://xosominhngoc.net.vn/kqxs-bingo18"",""total"":10,""upstream_claimed_source"":""Vietlott""}",[],https://xosominhngoc.net.vn/kqxs-bingo18,rules_available,valid,[],2026-09-09T15:08:27+00:00
bingo18,0185715,2026-09-09,confirmed,"{""digits"":[6,4,3]}","{""data_source"":""xosominhngoc_net_vn"",""has_duplicate"":false,""official_verification_status"":""pending"",""secondary_source_url"":""https://xosominhngoc.net.vn/kqxs-bingo18"",""total"":13,""upstream_claimed_source"":""Vietlott""}",[],https://xosominhngoc.net.vn/kqxs-bingo18,rules_available,valid,[],2026-09-09T15:08:27+00:00
bingo18,0185716,2026-09-09,confirmed,"{""digits"":[2,6,1]}","{""data_source"":""xosominhngoc_net_vn"",""has_duplicate"":false,""official_verification_status"":""pending"",""secondary_source_url"":""https://xosominhngoc.net.vn/kqxs-bingo18"",""total"":9,""upstream_claimed_source"":""Vietlott""}",[],https://xosominhngoc.net.vn/kqxs-bingo18,rules_available,valid,[],2026-09-09T15:08:27+00:00
bingo18,0185717,2026-09-09,confirmed,"{""digits"":[6,5,2]}","{""data_source"":""xosominhngoc_net_vn"",""has_duplicate"":false,""official_verification_status"":""pending"",""secondary_source_url"":""https://xosominhngoc.net.vn/kqxs-bingo18"",""total"":13,""upstream_claimed_source"":""Vietlott""}",[],https://xosominhngoc.net.vn/kqxs-bingo18,rules_available,valid,[],2026-09-09T15:08:27+00:00
bingo18,0185718,2026-09-09,confirmed,"{""digits"":[2,4,1]}","{""data_source"":""xosominhngoc_net_vn"",""has_duplicate"":false,""official_verification_status"":""pending"",""secondary_source_url"":""https://xosominhngoc.net.vn/kqxs-bingo18"",""total"":7,""upstream_claimed_source"":""Vietlott""}",[],https://xosominhngoc.net.vn/kqxs-bingo18,rules_available,valid,[],2026-09-09T15:08:27+00:00
bingo18,0185719,2026-09-09,confirmed,"{""digits"":[5,1,5]}","{""data_source"":""xosominhngoc_net_vn"",""has_duplicate"":true,""official_verification_status"":""pending"",""secondary_source_url"":""https://xosominhngoc.net.vn/kqxs-bingo18"",""total"":11,""upstream_claimed_source"":""Vietlott""}",[],https://xosominhngoc.net.vn/kqxs-bingo18,rules_available,valid,[],2026-09-09T15:08:27+00:00
bingo18,0185720,2026-09-09,confirmed,"{""digits"":[4,2,2]}","{""data_source"":""xosominhngoc_net_vn"",""has_duplicate"":true,""official_verification_status"":""pending"",""secondary_source_url"":""https://xosominhngoc.net.vn/kqxs-bingo18"",""total"":8,""upstream_claimed_source"":""Vietlott""}",[],https://xosominhngoc.net.vn/kqxs-bingo18,rules_available,valid,[],2026-09-09T15:08:27+00:00
bingo18,0185721,2026-09-09,confirmed,"{""digits"":[4,4,4]}","{""data_source"":""xosominhngoc_net_vn"",""has_duplicate"":true,""official_verification_status"":""pending"",""secondary_source_url"":""https://xosominhngoc.net.vn/kqxs-bingo18"",""total"":12,""upstream_claimed_source"":""Vietlott""}",[],https://xosominhngoc.net.vn/kqxs-bingo18,rules_available,valid,[],2026-09-09T15:08:27+00:00
bingo18,0185726,2026-09-10,confirmed,"{""digits"":[3,3,4]}","{""data_source"":""xosominhngoc_net_vn"",""has_duplicate"":true,""official_verification_status"":""pending"",""secondary_source_url"":""https://xosominhngoc.net.vn/kqxs-bingo18"",""total"":10,""upstream_claimed_source"":""Vietlott""}",[],https://xosominhngoc.net.vn/kqxs-bingo18,rules_available,valid,[],2026-09-10T01:00:26+00:00
bingo18,0185727,2026-09-10,confirmed,"{""digits"":[6,3,2]}","{""data_source"":""xosominhngoc_net_vn"",""has_duplicate"":false,""official_verification_status"":""pending"",""secondary_source_url"":""https://xosominhngoc.net.vn/kqxs-bingo18"",""total"":11,""upstream_claimed_source"":""Vietlott""}",[],https://xosominhngoc.net.vn/kqxs-bingo18,rules_available,valid,[],2026-09-10T01:00:26+00:00
bingo18,0185728,2026-09-10,confirmed,"{""digits"":[3,1,4]}","{""data_source"":""xosominhngoc_net_vn"",""has_duplicate"":false,""official_verification_status"":""pending"",""secondary_source_url"":""https://xosominhngoc.net.vn/kqxs-bingo18"",""total"":8,""upstream_claimed_source"":""Vietlott""}",[],https://xosominhngoc.net.vn/kqxs-bingo18,rules_available,valid,[],2026-09-10T01:00:26+00:00
bingo18,0185729,2026-09-10,confirmed,"{""digits"":[3,5,2]}","{""data_source"":""xosominhngoc_net_vn"",""has_duplicate"":false,""official_verification_status"":""pending"",""secondary_source_url"":""https://xosominhngoc.net.vn/kqxs-bingo18"",""total"":10,""upstream_claimed_source"":""Vietlott""}",[],https://xosominhngoc.net.vn/kqxs-bingo18,rules_available,valid,[],2026-09-10T01:00:26+00:00
bingo18,0185730,2026-09-10,confirmed,"{""digits"":[5,5,5]}","{""data_source"":""xosominhngoc_net_vn"",""has_duplicate"":true,""official_verification_status"":""pending"",""secondary_source_url"":""https://xosominhngoc.net.vn/kqxs-bingo18"",""total"":15,""upstream_claimed_source"":""Vietlott""}",[],https://xosominhngoc.net.vn/kqxs-bingo18,rules_available,valid,[],2026-09-10T01:00:26+00:00
bingo18,0185731,2026-09-10,confirmed,"{""digits"":[2,5,4]}","{""data_source"":""xosominhngoc_net_vn"",""has_duplicate"":false,""official_verification_status"":""pending"",""secondary_source_url"":""https://xosominhngoc.net.vn/kqxs-bingo18"",""total"":11,""upstream_claimed_source"":""Vietlott""}",[],https://xosominhngoc.net.vn/kqxs-bingo18,rules_available,valid,[],2026-09-10T01:00:26+00:00
bingo18,0185732,2026-09-10,confirmed,"{""digits"":[3,3,6]}","{""data_source"":""xosominhngoc_net_vn"",""has_duplicate"":true,""official_verification_status"":""pending"",""secondary_source_url"":""https://xosominhngoc.net.vn/kqxs-bingo18"",""total"":12,""upstream_claimed_source"":""Vietlott""}",[],https://xosominhngoc.net.vn/kqxs-bingo18,rules_available,valid,[],2026-09-10T01:00:26+00:00
bingo18,0185733,2026-09-10,confirmed,"{""digits"":[5,2,4]}","{""data_source"":""xosominhngoc_net_vn"",""has_duplicate"":false,""official_verification_status"":""pending"",""secondary_source_url"":""https://xosominhngoc.net.vn/kqxs-bingo18"",""total"":11,""upstream_claimed_source"":""Vietlott""}",[],https://xosominhngoc.net.vn/kqxs-bingo18,rules_available,valid,[],2026-09-10T01:00:26+00:00
bingo18,0185734,2026-09-10,confirmed,"{""digits"":[6,5,2]}","{""data_source"":""xosominhngoc_net_vn"",""has_duplicate"":false,""official_verification_status"":""pending"",""secondary_source_url"":""https://xosominhngoc.net.vn/kqxs-bingo18"",""total"":13,""upstream_claimed_source"":""Vietlott""}",[],https://xosominhngoc.net.vn/kqxs-bingo18,rules_available,valid,[],2026-09-10T01:00:26+00:00
bingo18,0185735,2026-09-10,confirmed,"{""digits"":[3,2,5]}","{""data_source"":""xosominhngoc_net_vn"",""has_duplicate"":false,""official_verification_status"":""pending"",""secondary_source_url"":""https://xosominhngoc.net.vn/kqxs-bingo18"",""total"":10,""upstream_claimed_source"":""Vietlott""}",[],https://xosominhngoc.net.vn/kqxs-bingo18,rules_available,valid,[],2026-09-10T01:00:26+00:00
bingo18,0185736,2026-09-10,confirmed,"{""digits"":[6,6,1]}","{""data_source"":""xosominhngoc_net_vn"",""has_duplicate"":true,""official_verification_status"":""pending"",""secondary_source_url"":""https://xosominhngoc.net.vn/kqxs-bingo18"",""total"":13,""upstream_claimed_source"":""Vietlott""}",[],https://xosominhngoc.net.vn/kqxs-bingo18,rules_available,valid,[],2026-09-10T01:00:26+00:00
bingo18,0185737,2026-09-10,confirmed,"{""digits"":[1,2,2]}","{""data_source"":""xosominhngoc_net_vn"",""has_duplicate"":true,""official_verification_status"":""pending"",""secondary_source_url"":""https://xosominhngoc.net.vn/kqxs-bingo18"",""total"":5,""upstream_claimed_source"":""Vietlott""}",[],https://xosominhngoc.net.vn/kqxs-bingo18,rules_available,valid,[],2026-09-10T01:00:26+00:00
bingo18,0185738,2026-09-10,confirmed,"{""digits"":[1,4,5]}","{""data_source"":""xosominhngoc_net_vn"",""has_duplicate"":false,""official_verification_status"":""pending"",""secondary_source_url"":""https://xosominhngoc.net.vn/kqxs-bingo18"",""total"":10,""upstream_claimed_source"":""Vietlott""}",[],https://xosominhngoc.net.vn/kqxs-bingo18,rules_available,valid,[],2026-09-10T01:00:26+00:00
bingo18,0185739,2026-09-10,confirmed,"{""digits"":[2,3,6]}","{""data_source"":""xosominhngoc_net_vn"",""has_duplicate"":false,""official_verification_status"":""pending"",""secondary_source_url"":""https://xosominhngoc.net.vn/kqxs-bingo18"",""total"":11,""upstream_claimed_source"":""Vietlott""}",[],https://xosominhngoc.net.vn/kqxs-bingo18,rules_available,valid,[],2026-09-10T01:00:26+00:00
bingo18,0185740,2026-09-10,confirmed,"{""digits"":[2,5,3]}","{""data_source"":""xosominhngoc_net_vn"",""has_duplicate"":false,""official_verification_status"":""pending"",""secondary_source_url"":""https://xosominhngoc.net.vn/kqxs-bingo18"",""total"":10,""upstream_claimed_source"":""Vietlott""}",[],https://xosominhngoc.net.vn/kqxs-bingo18,rules_available,valid,[],2026-09-10T01:00:26+00:00
bingo18,0185775,2026-09-10,confirmed,"{""digits"":[4,1,5]}","{""data_source"":""xosominhngoc_net_vn"",""has_duplicate"":false,""official_verification_status"":""pending"",""secondary_source_url"":""https://xosominhngoc.net.vn/kqxs-bingo18"",""total"":10,""upstream_claimed_source"":""Vietlott""}",[],https://xosominhngoc.net.vn/kqxs-bingo18,rules_available,valid,[],2026-09-10T05:50:57+00:00
bingo18,0185776,2026-09-10,confirmed,"{""digits"":[3,1,5]}","{""data_source"":""xosominhngoc_net_vn"",""has_duplicate"":false,""official_verification_status"":""pending"",""secondary_source_url"":""https://xosominhngoc.net.vn/kqxs-bingo18"",""total"":9,""upstream_claimed_source"":""Vietlott""}",[],https://xosominhngoc.net.vn/kqxs-bingo18,rules_available,valid,[],2026-09-10T05:50:57+00:00
bingo18,0185777,2026-09-10,confirmed,"{""digits"":[4,2,6]}","{""data_source"":""xosominhngoc_net_vn"",""has_duplicate"":false,""official_verification_status"":""pending"",""secondary_source_url"":""https://xosominhngoc.net.vn/kqxs-bingo18"",""total"":12,""upstream_claimed_source"":""Vietlott""}",[],https://xosominhngoc.net.vn/kqxs-bingo18,rules_available,valid,[],2026-09-10T05:50:57+00:00
bingo18,0185778,2026-09-10,confirmed,"{""digits"":[3,4,2]}","{""data_source"":""xosominhngoc_net_vn"",""has_duplicate"":false,""official_verification_status"":""pending"",""secondary_source_url"":""https://xosominhngoc.net.vn/kqxs-bingo18"",""total"":9,""upstream_claimed_source"":""Vietlott""}",[],https://xosominhngoc.net.vn/kqxs-bingo18,rules_available,valid,[],2026-09-10T05:50:57+00:00
bingo18,0185779,2026-09-10,confirmed,"{""digits"":[4,4,5]}","{""data_source"":""xosominhngoc_net_vn"",""has_duplicate"":true,""official_verification_status"":""pending"",""secondary_source_url"":""https://xosominhngoc.net.vn/kqxs-bingo18"",""total"":13,""upstream_claimed_source"":""Vietlott""}",[],https://xosominhngoc.net.vn/kqxs-bingo18,rules_available,valid,[],2026-09-10T05:50:57+00:00
bingo18,0185780,2026-09-10,confirmed,"{""digits"":[5,5,4]}","{""data_source"":""xosominhngoc_net_vn"",""has_duplicate"":true,""official_verification_status"":""pending"",""secondary_source_url"":""https://xosominhngoc.net.vn/kqxs-bingo18"",""total"":14,""upstream_claimed_source"":""Vietlott""}",[],https://xosominhngoc.net.vn/kqxs-bingo18,rules_available,valid,[],2026-09-10T05:50:57+00:00
bingo18,0185781,2026-09-10,confirmed,"{""digits"":[2,1,4]}","{""data_source"":""xosominhngoc_net_vn"",""has_duplicate"":false,""official_verification_status"":""pending"",""secondary_source_url"":""https://xosominhngoc.net.vn/kqxs-bingo18"",""total"":7,""upstream_claimed_source"":""Vietlott""}",[],https://xosominhngoc.net.vn/kqxs-bingo18,rules_available,valid,[],2026-09-10T05:50:57+00:00
bingo18,0185782,2026-09-10,confirmed,"{""digits"":[1,1,1]}","{""data_source"":""xosominhngoc_net_vn"",""has_duplicate"":true,""official_verification_status"":""pending"",""secondary_source_url"":""https://xosominhngoc.net.vn/kqxs-bingo18"",""total"":3,""upstream_claimed_source"":""Vietlott""}",[],https://xosominhngoc.net.vn/kqxs-bingo18,rules_available,valid,[],2026-09-10T05:50:57+00:00
bingo18,0185783,2026-09-10,confirmed,"{""digits"":[5,2,3]}","{""data_source"":""xosominhngoc_net_vn"",""has_duplicate"":false,""official_verification_status"":""pending"",""secondary_source_url"":""https://xosominhngoc.net.vn/kqxs-bingo18"",""total"":10,""upstream_claimed_source"":""Vietlott""}",[],https://xosominhngoc.net.vn/kqxs-bingo18,rules_available,valid,[],2026-09-10T05:50:57+00:00
bingo18,0185784,2026-09-10,confirmed,"{""digits"":[3,4,3]}","{""data_source"":""xosominhngoc_net_vn"",""has_duplicate"":true,""official_verification_status"":""pending"",""secondary_source_url"":""https://xosominhngoc.net.vn/kqxs-bingo18"",""total"":10,""upstream_claimed_source"":""Vietlott""}",[],https://xosominhngoc.net.vn/kqxs-bingo18,rules_available,valid,[],2026-09-10T05:50:57+00:00
bingo18,0185785,2026-09-10,confirmed,"{""digits"":[2,6,5]}","{""data_source"":""xosominhngoc_net_vn"",""has_duplicate"":false,""official_verification_status"":""pending"",""secondary_source_url"":""https://xosominhngoc.net.vn/kqxs-bingo18"",""total"":13,""upstream_claimed_source"":""Vietlott""}",[],https://xosominhngoc.net.vn/kqxs-bingo18,rules_available,valid,[],2026-09-10T05:50:57+00:00
bingo18,0185786,2026-09-10,confirmed,"{""digits"":[2,6,3]}","{""data_source"":""xosominhngoc_net_vn"",""has_duplicate"":false,""official_verification_status"":""pending"",""secondary_source_url"":""https://xosominhngoc.net.vn/kqxs-bingo18"",""total"":11,""upstream_claimed_source"":""Vietlott""}",[],https://xosominhngoc.net.vn/kqxs-bingo18,rules_available,valid,[],2026-09-10T05:50:57+00:00
bingo18,0185787,2026-09-10,confirmed,"{""digits"":[2,4,3]}","{""data_source"":""xosominhngoc_net_vn"",""has_duplicate"":false,""official_verification_status"":""pending"",""secondary_source_url"":""https://xosominhngoc.net.vn/kqxs-bingo18"",""total"":9,""upstream_claimed_source"":""Vietlott""}",[],https://xosominhngoc.net.vn/kqxs-bingo18,rules_available,valid,[],2026-09-10T05:50:57+00:00
bingo18,0185788,2026-09-10,confirmed,"{""digits"":[5,3,6]}","{""data_source"":""xosominhngoc_net_vn"",""has_duplicate"":false,""official_verification_status"":""pending"",""secondary_source_url"":""https://xosominhngoc.net.vn/kqxs-bingo18"",""total"":14,""upstream_claimed_source"":""Vietlott""}",[],https://xosominhngoc.net.vn/kqxs-bingo18,rules_available,valid,[],2026-09-10T05:50:57+00:00
bingo18,0185789,2026-09-10,confirmed,"{""digits"":[4,3,6]}","{""data_source"":""xosominhngoc_net_vn"",""has_duplicate"":false,""official_verification_status"":""pending"",""secondary_source_url"":""https://xosominhngoc.net.vn/kqxs-bingo18"",""total"":13,""upstream_claimed_source"":""Vietlott""}",[],https://xosominhngoc.net.vn/kqxs-bingo18,rules_available,valid,[],2026-09-10T05:50:57+00:00
bingo18,0185817,2026-09-10,confirmed,"{""digits"":[3,6,6]}","{""data_source"":""xosominhngoc_net_vn"",""has_duplicate"":true,""official_verification_status"":""pending"",""secondary_source_url"":""https://xosominhngoc.net.vn/kqxs-bingo18"",""total"":15,""upstream_claimed_source"":""Vietlott""}",[],https://xosominhngoc.net.vn/kqxs-bingo18,rules_available,valid,[],2026-09-10T10:06:05+00:00
bingo18,0185818,2026-09-10,confirmed,"{""digits"":[5,3,1]}","{""data_source"":""xosominhngoc_net_vn"",""has_duplicate"":false,""official_verification_status"":""pending"",""secondary_source_url"":""https://xosominhngoc.net.vn/kqxs-bingo18"",""total"":9,""upstream_claimed_source"":""Vietlott""}",[],https://xosominhngoc.net.vn/kqxs-bingo18,rules_available,valid,[],2026-09-10T10:06:05+00:00
bingo18,0185819,2026-09-10,confirmed,"{""digits"":[5,3,2]}","{""data_source"":""xosominhngoc_net_vn"",""has_duplicate"":false,""official_verification_status"":""pending"",""secondary_source_url"":""https://xosominhngoc.net.vn/kqxs-bingo18"",""total"":10,""upstream_claimed_source"":""Vietlott""}",[],https://xosominhngoc.net.vn/kqxs-bingo18,rules_available,valid,[],2026-09-10T10:06:05+00:00
bingo18,0185820,2026-09-10,confirmed,"{""digits"":[1,1,2]}","{""data_source"":""xosominhngoc_net_vn"",""has_duplicate"":true,""official_verification_status"":""pending"",""secondary_source_url"":""https://xosominhngoc.net.vn/kqxs-bingo18"",""total"":4,""upstream_claimed_source"":""Vietlott""}",[],https://xosominhngoc.net.vn/kqxs-bingo18,rules_available,valid,[],2026-09-10T10:06:05+00:00
bingo18,0185821,2026-09-10,confirmed,"{""digits"":[5,4,4]}","{""data_source"":""xosominhngoc_net_vn"",""has_duplicate"":true,""official_verification_status"":""pending"",""secondary_source_url"":""https://xosominhngoc.net.vn/kqxs-bingo18"",""total"":13,""upstream_claimed_source"":""Vietlott""}",[],https://xosominhngoc.net.vn/kqxs-bingo18,rules_available,valid,[],2026-09-10T10:06:05+00:00
bingo18,0185822,2026-09-10,confirmed,"{""digits"":[3,6,3]}","{""data_source"":""xosominhngoc_net_vn"",""has_duplicate"":true,""official_verification_status"":""pending"",""secondary_source_url"":""https://xosominhngoc.net.vn/kqxs-bingo18"",""total"":12,""upstream_claimed_source"":""Vietlott""}",[],https://xosominhngoc.net.vn/kqxs-bingo18,rules_available,valid,[],2026-09-10T10:06:05+00:00
bingo18,0185823,2026-09-10,confirmed,"{""digits"":[5,1,5]}","{""data_source"":""xosominhngoc_net_vn"",""has_duplicate"":true,""official_verification_status"":""pending"",""secondary_source_url"":""https://xosominhngoc.net.vn/kqxs-bingo18"",""total"":11,""upstream_claimed_source"":""Vietlott""}",[],https://xosominhngoc.net.vn/kqxs-bingo18,rules_available,valid,[],2026-09-10T10:06:05+00:00
bingo18,0185824,2026-09-10,confirmed,"{""digits"":[2,1,1]}","{""data_source"":""xosominhngoc_net_vn"",""has_duplicate"":true,""official_verification_status"":""pending"",""secondary_source_url"":""https://xosominhngoc.net.vn/kqxs-bingo18"",""total"":4,""upstream_claimed_source"":""Vietlott""}",[],https://xosominhngoc.net.vn/kqxs-bingo18,rules_available,valid,[],2026-09-10T10:06:05+00:00
bingo18,0185825,2026-09-10,confirmed,"{""digits"":[5,4,6]}","{""data_source"":""xosominhngoc_net_vn"",""has_duplicate"":false,""official_verification_status"":""pending"",""secondary_source_url"":""https://xosominhngoc.net.vn/kqxs-bingo18"",""total"":15,""upstream_claimed_source"":""Vietlott""}",[],https://xosominhngoc.net.vn/kqxs-bingo18,rules_available,valid,[],2026-09-10T10:06:05+00:00
bingo18,0185826,2026-09-10,confirmed,"{""digits"":[1,4,1]}","{""data_source"":""xosominhngoc_net_vn"",""has_duplicate"":true,""official_verification_status"":""pending"",""secondary_source_url"":""https://xosominhngoc.net.vn/kqxs-bingo18"",""total"":6,""upstream_claimed_source"":""Vietlott""}",[],https://xosominhngoc.net.vn/kqxs-bingo18,rules_available,valid,[],2026-09-10T10:06:05+00:00
bingo18,0185827,2026-09-10,confirmed,"{""digits"":[6,6,4]}","{""data_source"":""xosominhngoc_net_vn"",""has_duplicate"":true,""official_verification_status"":""pending"",""secondary_source_url"":""https://xosominhngoc.net.vn/kqxs-bingo18"",""total"":16,""upstream_claimed_source"":""Vietlott""}",[],https://xosominhngoc.net.vn/kqxs-bingo18,rules_available,valid,[],2026-09-10T10:06:05+00:00
bingo18,0185828,2026-09-10,confirmed,"{""digits"":[2,3,5]}","{""data_source"":""xosominhngoc_net_vn"",""has_duplicate"":false,""official_verification_status"":""pending"",""secondary_source_url"":""https://xosominhngoc.net.vn/kqxs-bingo18"",""total"":10,""upstream_claimed_source"":""Vietlott""}",[],https://xosominhngoc.net.vn/kqxs-bingo18,rules_available,valid,[],2026-09-10T10:06:05+00:00
bingo18,0185829,2026-09-10,confirmed,"{""digits"":[3,2,6]}","{""data_source"":""xosominhngoc_net_vn"",""has_duplicate"":false,""official_verification_status"":""pending"",""secondary_source_url"":""https://xosominhngoc.net.vn/kqxs-bingo18"",""total"":11,""upstream_claimed_source"":""Vietlott""}",[],https://xosominhngoc.net.vn/kqxs-bingo18,rules_available,valid,[],2026-09-10T10:06:05+00:00
bingo18,0185830,2026-09-10,confirmed,"{""digits"":[5,3,3]}","{""data_source"":""xosominhngoc_net_vn"",""has_duplicate"":true,""official_verification_status"":""pending"",""secondary_source_url"":""https://xosominhngoc.net.vn/kqxs-bingo18"",""total"":11,""upstream_claimed_source"":""Vietlott""}",[],https://xosominhngoc.net.vn/kqxs-bingo18,rules_available,valid,[],2026-09-10T10:06:05+00:00
bingo18,0185831,2026-09-10,confirmed,"{""digits"":[1,5,4]}","{""data_source"":""xosominhngoc_net_vn"",""has_duplicate"":false,""official_verification_status"":""pending"",""secondary_source_url"":""https://xosominhngoc.net.vn/kqxs-bingo18"",""total"":10,""upstream_claimed_source"":""Vietlott""}",[],https://xosominhngoc.net.vn/kqxs-bingo18,rules_available,valid,[],2026-09-10T10:06:05+00:00
bingo18,0185860,2026-09-10,confirmed,"{""digits"":[5,5,5]}","{""data_source"":""xosominhngoc_net_vn"",""has_duplicate"":true,""official_verification_status"":""pending"",""secondary_source_url"":""https://xosominhngoc.net.vn/kqxs-bingo18"",""total"":15,""upstream_claimed_source"":""Vietlott""}",[],https://xosominhngoc.net.vn/kqxs-bingo18,rules_available,valid,[],2026-09-10T14:24:20+00:00
bingo18,0185861,2026-09-10,confirmed,"{""digits"":[6,1,1]}","{""data_source"":""xosominhngoc_net_vn"",""has_duplicate"":true,""official_verification_status"":""pending"",""secondary_source_url"":""https://xosominhngoc.net.vn/kqxs-bingo18"",""total"":8,""upstream_claimed_source"":""Vietlott""}",[],https://xosominhngoc.net.vn/kqxs-bingo18,rules_available,valid,[],2026-09-10T14:24:20+00:00
bingo18,0185862,2026-09-10,confirmed,"{""digits"":[2,4,2]}","{""data_source"":""xosominhngoc_net_vn"",""has_duplicate"":true,""official_verification_status"":""pending"",""secondary_source_url"":""https://xosominhngoc.net.vn/kqxs-bingo18"",""total"":8,""upstream_claimed_source"":""Vietlott""}",[],https://xosominhngoc.net.vn/kqxs-bingo18,rules_available,valid,[],2026-09-10T14:24:20+00:00
bingo18,0185863,2026-09-10,confirmed,"{""digits"":[5,5,5]}","{""data_source"":""xosominhngoc_net_vn"",""has_duplicate"":true,""official_verification_status"":""pending"",""secondary_source_url"":""https://xosominhngoc.net.vn/kqxs-bingo18"",""total"":15,""upstream_claimed_source"":""Vietlott""}",[],https://xosominhngoc.net.vn/kqxs-bingo18,rules_available,valid,[],2026-09-10T14:24:20+00:00
bingo18,0185864,2026-09-10,confirmed,"{""digits"":[6,6,5]}","{""data_source"":""xosominhngoc_net_vn"",""has_duplicate"":true,""official_verification_status"":""pending"",""secondary_source_url"":""https://xosominhngoc.net.vn/kqxs-bingo18"",""total"":17,""upstream_claimed_source"":""Vietlott""}",[],https://xosominhngoc.net.vn/kqxs-bingo18,rules_available,valid,[],2026-09-10T14:24:20+00:00
bingo18,0185865,2026-09-10,confirmed,"{""digits"":[4,3,3]}","{""data_source"":""xosominhngoc_net_vn"",""has_duplicate"":true,""official_verification_status"":""pending"",""secondary_source_url"":""https://xosominhngoc.net.vn/kqxs-bingo18"",""total"":10,""upstream_claimed_source"":""Vietlott""}",[],https://xosominhngoc.net.vn/kqxs-bingo18,rules_available,valid,[],2026-09-10T14:24:20+00:00
bingo18,0185866,2026-09-10,confirmed,"{""digits"":[5,3,2]}","{""data_source"":""xosominhngoc_net_vn"",""has_duplicate"":false,""official_verification_status"":""pending"",""secondary_source_url"":""https://xosominhngoc.net.vn/kqxs-bingo18"",""total"":10,""upstream_claimed_source"":""Vietlott""}",[],https://xosominhngoc.net.vn/kqxs-bingo18,rules_available,valid,[],2026-09-10T14:24:20+00:00
bingo18,0185867,2026-09-10,confirmed,"{""digits"":[1,6,4]}","{""data_source"":""xosominhngoc_net_vn"",""has_duplicate"":false,""official_verification_status"":""pending"",""secondary_source_url"":""https://xosominhngoc.net.vn/kqxs-bingo18"",""total"":11,""upstream_claimed_source"":""Vietlott""}",[],https://xosominhngoc.net.vn/kqxs-bingo18,rules_available,valid,[],2026-09-10T14:24:20+00:00
bingo18,0185868,2026-09-10,confirmed,"{""digits"":[5,4,5]}","{""data_source"":""xosominhngoc_net_vn"",""has_duplicate"":true,""official_verification_status"":""pending"",""secondary_source_url"":""https://xosominhngoc.net.vn/kqxs-bingo18"",""total"":14,""upstream_claimed_source"":""Vietlott""}",[],https://xosominhngoc.net.vn/kqxs-bingo18,rules_available,valid,[],2026-09-10T14:24:20+00:00
bingo18,0185869,2026-09-10,confirmed,"{""digits"":[6,2,3]}","{""data_source"":""xosominhngoc_net_vn"",""has_duplicate"":false,""official_verification_status"":""pending"",""secondary_source_url"":""https://xosominhngoc.net.vn/kqxs-bingo18"",""total"":11,""upstream_claimed_source"":""Vietlott""}",[],https://xosominhngoc.net.vn/kqxs-bingo18,rules_available,valid,[],2026-09-10T14:24:20+00:00
bingo18,0185870,2026-09-10,confirmed,"{""digits"":[2,2,3]}","{""data_source"":""xosominhngoc_net_vn"",""has_duplicate"":true,""official_verification_status"":""pending"",""secondary_source_url"":""https://xosominhngoc.net.vn/kqxs-bingo18"",""total"":7,""upstream_claimed_source"":""Vietlott""}",[],https://xosominhngoc.net.vn/kqxs-bingo18,rules_available,valid,[],2026-09-10T14:24:20+00:00
bingo18,0185871,2026-09-10,confirmed,"{""digits"":[1,4,5]}","{""data_source"":""xosominhngoc_net_vn"",""has_duplicate"":false,""official_verification_status"":""pending"",""secondary_source_url"":""https://xosominhngoc.net.vn/kqxs-bingo18"",""total"":10,""upstream_claimed_source"":""Vietlott""}",[],https://xosominhngoc.net.vn/kqxs-bingo18,rules_available,valid,[],2026-09-10T14:24:20+00:00
bingo18,0185872,2026-09-10,confirmed,"{""digits"":[3,3,3]}","{""data_source"":""xosominhngoc_net_vn"",""has_duplicate"":true,""official_verification_status"":""pending"",""secondary_source_url"":""https://xosominhngoc.net.vn/kqxs-bingo18"",""total"":9,""upstream_claimed_source"":""Vietlott""}",[],https://xosominhngoc.net.vn/kqxs-bingo18,rules_available,valid,[],2026-09-10T14:24:20+00:00
bingo18,0185873,2026-09-10,confirmed,"{""digits"":[5,6,3]}","{""data_source"":""xosominhngoc_net_vn"",""has_duplicate"":false,""official_verification_status"":""pending"",""secondary_source_url"":""https://xosominhngoc.net.vn/kqxs-bingo18"",""total"":14,""upstream_claimed_source"":""Vietlott""}",[],https://xosominhngoc.net.vn/kqxs-bingo18,rules_available,valid,[],2026-09-10T14:24:20+00:00
bingo18,0185874,2026-09-10,confirmed,"{""digits"":[5,6,5]}","{""data_source"":""xosominhngoc_net_vn"",""has_duplicate"":true,""official_verification_status"":""pending"",""secondary_source_url"":""https://xosominhngoc.net.vn/kqxs-bingo18"",""total"":16,""upstream_claimed_source"":""Vietlott""}",[],https://xosominhngoc.net.vn/kqxs-bingo18,rules_available,valid,[],2026-09-10T14:24:20+00:00
bingo18,0185875,2026-09-10,confirmed,"{""digits"":[6,6,6]}","{""data_source"":""xosominhngoc_net_vn"",""has_duplicate"":true,""official_verification_status"":""pending"",""secondary_source_url"":""https://xosominhngoc.net.vn/kqxs-bingo18"",""total"":18,""upstream_claimed_source"":""Vietlott""}",[],https://xosominhngoc.net.vn/kqxs-bingo18,rules_available,valid,[],2026-09-10T17:46:46+00:00
bingo18,0185876,2026-09-10,confirmed,"{""digits"":[5,6,5]}","{""data_source"":""xosominhngoc_net_vn"",""has_duplicate"":true,""official_verification_status"":""pending"",""secondary_source_url"":""https://xosominhngoc.net.vn/kqxs-bingo18"",""total"":16,""upstream_claimed_source"":""Vietlott""}",[],https://xosominhngoc.net.vn/kqxs-bingo18,rules_available,valid,[],2026-09-10T17:46:46+00:00
bingo18,0185877,2026-09-10,confirmed,"{""digits"":[6,4,6]}","{""data_source"":""xosominhngoc_net_vn"",""has_duplicate"":true,""official_verification_status"":""pending"",""secondary_source_url"":""https://xosominhngoc.net.vn/kqxs-bingo18"",""total"":16,""upstream_claimed_source"":""Vietlott""}",[],https://xosominhngoc.net.vn/kqxs-bingo18,rules_available,valid,[],2026-09-10T17:46:46+00:00
bingo18,0185878,2026-09-10,confirmed,"{""digits"":[3,3,3]}","{""data_source"":""xosominhngoc_net_vn"",""has_duplicate"":true,""official_verification_status"":""pending"",""secondary_source_url"":""https://xosominhngoc.net.vn/kqxs-bingo18"",""total"":9,""upstream_claimed_source"":""Vietlott""}",[],https://xosominhngoc.net.vn/kqxs-bingo18,rules_available,valid,[],2026-09-10T17:46:46+00:00
bingo18,0185879,2026-09-10,confirmed,"{""digits"":[3,3,2]}","{""data_source"":""xosominhngoc_net_vn"",""has_duplicate"":true,""official_verification_status"":""pending"",""secondary_source_url"":""https://xosominhngoc.net.vn/kqxs-bingo18"",""total"":8,""upstream_claimed_source"":""Vietlott""}",[],https://xosominhngoc.net.vn/kqxs-bingo18,rules_available,valid,[],2026-09-10T17:46:46+00:00
bingo18,0185880,2026-09-10,confirmed,"{""digits"":[6,5,5]}","{""data_source"":""xosominhngoc_net_vn"",""has_duplicate"":true,""official_verification_status"":""pending"",""secondary_source_url"":""https://xosominhngoc.net.vn/kqxs-bingo18"",""total"":16,""upstream_claimed_source"":""Vietlott""}",[],https://xosominhngoc.net.vn/kqxs-bingo18,rules_available,valid,[],2026-09-10T17:46:46+00:00
bingo18,0185884,2026-09-11,confirmed,"{""digits"":[2,4,1]}","{""data_source"":""xosominhngoc_net_vn"",""has_duplicate"":false,""official_verification_status"":""pending"",""secondary_source_url"":""https://xosominhngoc.net.vn/kqxs-bingo18"",""total"":7,""upstream_claimed_source"":""Vietlott""}",[],https://xosominhngoc.net.vn/kqxs-bingo18,rules_available,valid,[],2026-09-11T00:57:42+00:00
bingo18,0185885,2026-09-11,confirmed,"{""digits"":[4,3,6]}","{""data_source"":""xosominhngoc_net_vn"",""has_duplicate"":false,""official_verification_status"":""pending"",""secondary_source_url"":""https://xosominhngoc.net.vn/kqxs-bingo18"",""total"":13,""upstream_claimed_source"":""Vietlott""}",[],https://xosominhngoc.net.vn/kqxs-bingo18,rules_available,valid,[],2026-09-11T00:57:42+00:00
bingo18,0185886,2026-09-11,confirmed,"{""digits"":[1,3,2]}","{""data_source"":""xosominhngoc_net_vn"",""has_duplicate"":false,""official_verification_status"":""pending"",""secondary_source_url"":""https://xosominhngoc.net.vn/kqxs-bingo18"",""total"":6,""upstream_claimed_source"":""Vietlott""}",[],https://xosominhngoc.net.vn/kqxs-bingo18,rules_available,valid,[],2026-09-11T00:57:42+00:00
bingo18,0185887,2026-09-11,confirmed,"{""digits"":[6,4,4]}","{""data_source"":""xosominhngoc_net_vn"",""has_duplicate"":true,""official_verification_status"":""pending"",""secondary_source_url"":""https://xosominhngoc.net.vn/kqxs-bingo18"",""total"":14,""upstream_claimed_source"":""Vietlott""}",[],https://xosominhngoc.net.vn/kqxs-bingo18,rules_available,valid,[],2026-09-11T00:57:42+00:00
bingo18,0185888,2026-09-11,confirmed,"{""digits"":[4,1,6]}","{""data_source"":""xosominhngoc_net_vn"",""has_duplicate"":false,""official_verification_status"":""pending"",""secondary_source_url"":""https://xosominhngoc.net.vn/kqxs-bingo18"",""total"":11,""upstream_claimed_source"":""Vietlott""}",[],https://xosominhngoc.net.vn/kqxs-bingo18,rules_available,valid,[],2026-09-11T00:57:42+00:00
bingo18,0185889,2026-09-11,confirmed,"{""digits"":[6,2,5]}","{""data_source"":""xosominhngoc_net_vn"",""has_duplicate"":false,""official_verification_status"":""pending"",""secondary_source_url"":""https://xosominhngoc.net.vn/kqxs-bingo18"",""total"":13,""upstream_claimed_source"":""Vietlott""}",[],https://xosominhngoc.net.vn/kqxs-bingo18,rules_available,valid,[],2026-09-11T00:57:42+00:00
bingo18,0185890,2026-09-11,confirmed,"{""digits"":[4,6,3]}","{""data_source"":""xosominhngoc_net_vn"",""has_duplicate"":false,""official_verification_status"":""pending"",""secondary_source_url"":""https://xosominhngoc.net.vn/kqxs-bingo18"",""total"":13,""upstream_claimed_source"":""Vietlott""}",[],https://xosominhngoc.net.vn/kqxs-bingo18,rules_available,valid,[],2026-09-11T00:57:42+00:00
bingo18,0185891,2026-09-11,confirmed,"{""digits"":[3,1,5]}","{""data_source"":""xosominhngoc_net_vn"",""has_duplicate"":false,""official_verification_status"":""pending"",""secondary_source_url"":""https://xosominhngoc.net.vn/kqxs-bingo18"",""total"":9,""upstream_claimed_source"":""Vietlott""}",[],https://xosominhngoc.net.vn/kqxs-bingo18,rules_available,valid,[],2026-09-11T00:57:42+00:00
bingo18,0185892,2026-09-11,confirmed,"{""digits"":[3,3,4]}","{""data_source"":""xosominhngoc_net_vn"",""has_duplicate"":true,""official_verification_status"":""pending"",""secondary_source_url"":""https://xosominhngoc.net.vn/kqxs-bingo18"",""total"":10,""upstream_claimed_source"":""Vietlott""}",[],https://xosominhngoc.net.vn/kqxs-bingo18,rules_available,valid,[],2026-09-11T00:57:42+00:00
bingo18,0185893,2026-09-11,confirmed,"{""digits"":[2,5,5]}","{""data_source"":""xosominhngoc_net_vn"",""has_duplicate"":true,""official_verification_status"":""pending"",""secondary_source_url"":""https://xosominhngoc.net.vn/kqxs-bingo18"",""total"":12,""upstream_claimed_source"":""Vietlott""}",[],https://xosominhngoc.net.vn/kqxs-bingo18,rules_available,valid,[],2026-09-11T00:57:42+00:00
bingo18,0185894,2026-09-11,confirmed,"{""digits"":[4,3,2]}","{""data_source"":""xosominhngoc_net_vn"",""has_duplicate"":false,""official_verification_status"":""pending"",""secondary_source_url"":""https://xosominhngoc.net.vn/kqxs-bingo18"",""total"":9,""upstream_claimed_source"":""Vietlott""}",[],https://xosominhngoc.net.vn/kqxs-bingo18,rules_available,valid,[],2026-09-11T00:57:42+00:00
bingo18,0185895,2026-09-11,confirmed,"{""digits"":[2,6,6]}","{""data_source"":""xosominhngoc_net_vn"",""has_duplicate"":true,""official_verification_status"":""pending"",""secondary_source_url"":""https://xosominhngoc.net.vn/kqxs-bingo18"",""total"":14,""upstream_claimed_source"":""Vietlott""}",[],https://xosominhngoc.net.vn/kqxs-bingo18,rules_available,valid,[],2026-09-11T00:57:42+00:00
bingo18,0185896,2026-09-11,confirmed,"{""digits"":[3,5,4]}","{""data_source"":""xosominhngoc_net_vn"",""has_duplicate"":false,""official_verification_status"":""pending"",""secondary_source_url"":""https://xosominhngoc.net.vn/kqxs-bingo18"",""total"":12,""upstream_claimed_source"":""Vietlott""}",[],https://xosominhngoc.net.vn/kqxs-bingo18,rules_available,valid,[],2026-09-11T00:57:42+00:00
bingo18,0185897,2026-09-11,confirmed,"{""digits"":[5,6,2]}","{""data_source"":""xosominhngoc_net_vn"",""has_duplicate"":false,""official_verification_status"":""pending"",""secondary_source_url"":""https://xosominhngoc.net.vn/kqxs-bingo18"",""total"":13,""upstream_claimed_source"":""Vietlott""}",[],https://xosominhngoc.net.vn/kqxs-bingo18,rules_available,valid,[],2026-09-11T00:57:42+00:00
bingo18,0185898,2026-09-11,confirmed,"{""digits"":[4,2,1]}","{""data_source"":""xosominhngoc_net_vn"",""has_duplicate"":false,""official_verification_status"":""pending"",""secondary_source_url"":""https://xosominhngoc.net.vn/kqxs-bingo18"",""total"":7,""upstream_claimed_source"":""Vietlott""}",[],https://xosominhngoc.net.vn/kqxs-bingo18,rules_available,valid,[],2026-09-11T00:57:42+00:00
bingo18,0185934,2026-09-11,confirmed,"{""digits"":[2,2,5]}","{""data_source"":""xosominhngoc_net_vn"",""has_duplicate"":true,""official_verification_status"":""pending"",""secondary_source_url"":""https://xosominhngoc.net.vn/kqxs-bingo18"",""total"":9,""upstream_claimed_source"":""Vietlott""}",[],https://xosominhngoc.net.vn/kqxs-bingo18,rules_available,valid,[],2026-09-11T05:50:16+00:00
bingo18,0185935,2026-09-11,confirmed,"{""digits"":[3,5,6]}","{""data_source"":""xosominhngoc_net_vn"",""has_duplicate"":false,""official_verification_status"":""pending"",""secondary_source_url"":""https://xosominhngoc.net.vn/kqxs-bingo18"",""total"":14,""upstream_claimed_source"":""Vietlott""}",[],https://xosominhngoc.net.vn/kqxs-bingo18,rules_available,valid,[],2026-09-11T05:50:16+00:00
bingo18,0185936,2026-09-11,confirmed,"{""digits"":[5,4,2]}","{""data_source"":""xosominhngoc_net_vn"",""has_duplicate"":false,""official_verification_status"":""pending"",""secondary_source_url"":""https://xosominhngoc.net.vn/kqxs-bingo18"",""total"":11,""upstream_claimed_source"":""Vietlott""}",[],https://xosominhngoc.net.vn/kqxs-bingo18,rules_available,valid,[],2026-09-11T05:50:16+00:00
bingo18,0185937,2026-09-11,confirmed,"{""digits"":[2,2,5]}","{""data_source"":""xosominhngoc_net_vn"",""has_duplicate"":true,""official_verification_status"":""pending"",""secondary_source_url"":""https://xosominhngoc.net.vn/kqxs-bingo18"",""total"":9,""upstream_claimed_source"":""Vietlott""}",[],https://xosominhngoc.net.vn/kqxs-bingo18,rules_available,valid,[],2026-09-11T05:50:16+00:00
bingo18,0185938,2026-09-11,confirmed,"{""digits"":[3,4,3]}","{""data_source"":""xosominhngoc_net_vn"",""has_duplicate"":true,""official_verification_status"":""pending"",""secondary_source_url"":""https://xosominhngoc.net.vn/kqxs-bingo18"",""total"":10,""upstream_claimed_source"":""Vietlott""}",[],https://xosominhngoc.net.vn/kqxs-bingo18,rules_available,valid,[],2026-09-11T05:50:16+00:00
bingo18,0185939,2026-09-11,confirmed,"{""digits"":[3,2,1]}","{""data_source"":""xosominhngoc_net_vn"",""has_duplicate"":false,""official_verification_status"":""pending"",""secondary_source_url"":""https://xosominhngoc.net.vn/kqxs-bingo18"",""total"":6,""upstream_claimed_source"":""Vietlott""}",[],https://xosominhngoc.net.vn/kqxs-bingo18,rules_available,valid,[],2026-09-11T05:50:16+00:00
bingo18,0185940,2026-09-11,confirmed,"{""digits"":[6,6,6]}","{""data_source"":""xosominhngoc_net_vn"",""has_duplicate"":true,""official_verification_status"":""pending"",""secondary_source_url"":""https://xosominhngoc.net.vn/kqxs-bingo18"",""total"":18,""upstream_claimed_source"":""Vietlott""}",[],https://xosominhngoc.net.vn/kqxs-bingo18,rules_available,valid,[],2026-09-11T05:50:16+00:00
bingo18,0185941,2026-09-11,confirmed,"{""digits"":[4,5,6]}","{""data_source"":""xosominhngoc_net_vn"",""has_duplicate"":false,""official_verification_status"":""pending"",""secondary_source_url"":""https://xosominhngoc.net.vn/kqxs-bingo18"",""total"":15,""upstream_claimed_source"":""Vietlott""}",[],https://xosominhngoc.net.vn/kqxs-bingo18,rules_available,valid,[],2026-09-11T05:50:16+00:00
bingo18,0185942,2026-09-11,confirmed,"{""digits"":[4,3,4]}","{""data_source"":""xosominhngoc_net_vn"",""has_duplicate"":true,""official_verification_status"":""pending"",""secondary_source_url"":""https://xosominhngoc.net.vn/kqxs-bingo18"",""total"":11,""upstream_claimed_source"":""Vietlott""}",[],https://xosominhngoc.net.vn/kqxs-bingo18,rules_available,valid,[],2026-09-11T05:50:16+00:00
bingo18,0185943,2026-09-11,confirmed,"{""digits"":[1,1,4]}","{""data_source"":""xosominhngoc_net_vn"",""has_duplicate"":true,""official_verification_status"":""pending"",""secondary_source_url"":""https://xosominhngoc.net.vn/kqxs-bingo18"",""total"":6,""upstream_claimed_source"":""Vietlott""}",[],https://xosominhngoc.net.vn/kqxs-bingo18,rules_available,valid,[],2026-09-11T05:50:16+00:00
bingo18,0185944,2026-09-11,confirmed,"{""digits"":[1,6,6]}","{""data_source"":""xosominhngoc_net_vn"",""has_duplicate"":true,""official_verification_status"":""pending"",""secondary_source_url"":""https://xosominhngoc.net.vn/kqxs-bingo18"",""total"":13,""upstream_claimed_source"":""Vietlott""}",[],https://xosominhngoc.net.vn/kqxs-bingo18,rules_available,valid,[],2026-09-11T05:50:16+00:00
bingo18,0185945,2026-09-11,confirmed,"{""digits"":[1,1,1]}","{""data_source"":""xosominhngoc_net_vn"",""has_duplicate"":true,""official_verification_status"":""pending"",""secondary_source_url"":""https://xosominhngoc.net.vn/kqxs-bingo18"",""total"":3,""upstream_claimed_source"":""Vietlott""}",[],https://xosominhngoc.net.vn/kqxs-bingo18,rules_available,valid,[],2026-09-11T05:50:16+00:00
bingo18,0185946,2026-09-11,confirmed,"{""digits"":[3,5,4]}","{""data_source"":""xosominhngoc_net_vn"",""has_duplicate"":false,""official_verification_status"":""pending"",""secondary_source_url"":""https://xosominhngoc.net.vn/kqxs-bingo18"",""total"":12,""upstream_claimed_source"":""Vietlott""}",[],https://xosominhngoc.net.vn/kqxs-bingo18,rules_available,valid,[],2026-09-11T05:50:16+00:00
bingo18,0185947,2026-09-11,confirmed,"{""digits"":[1,3,2]}","{""data_source"":""xosominhngoc_net_vn"",""has_duplicate"":false,""official_verification_status"":""pending"",""secondary_source_url"":""https://xosominhngoc.net.vn/kqxs-bingo18"",""total"":6,""upstream_claimed_source"":""Vietlott""}",[],https://xosominhngoc.net.vn/kqxs-bingo18,rules_available,valid,[],2026-09-11T05:50:16+00:00
bingo18,0185948,2026-09-11,confirmed,"{""digits"":[5,4,4]}","{""data_source"":""xosominhngoc_net_vn"",""has_duplicate"":true,""official_verification_status"":""pending"",""secondary_source_url"":""https://xosominhngoc.net.vn/kqxs-bingo18"",""total"":13,""upstream_claimed_source"":""Vietlott""}",[],https://xosominhngoc.net.vn/kqxs-bingo18,rules_available,valid,[],2026-09-11T05:50:16+00:00
bingo18,0185976,2026-09-11,confirmed,"{""digits"":[2,6,5]}","{""data_source"":""xosominhngoc_net_vn"",""has_duplicate"":false,""official_verification_status"":""pending"",""secondary_source_url"":""https://xosominhngoc.net.vn/kqxs-bingo18"",""total"":13,""upstream_claimed_source"":""Vietlott""}",[],https://xosominhngoc.net.vn/kqxs-bingo18,rules_available,valid,[],2026-09-11T10:03:10+00:00
bingo18,0185977,2026-09-11,confirmed,"{""digits"":[6,6,5]}","{""data_source"":""xosominhngoc_net_vn"",""has_duplicate"":true,""official_verification_status"":""pending"",""secondary_source_url"":""https://xosominhngoc.net.vn/kqxs-bingo18"",""total"":17,""upstream_claimed_source"":""Vietlott""}",[],https://xosominhngoc.net.vn/kqxs-bingo18,rules_available,valid,[],2026-09-11T10:03:10+00:00
bingo18,0185978,2026-09-11,confirmed,"{""digits"":[3,2,2]}","{""data_source"":""xosominhngoc_net_vn"",""has_duplicate"":true,""official_verification_status"":""pending"",""secondary_source_url"":""https://xosominhngoc.net.vn/kqxs-bingo18"",""total"":7,""upstream_claimed_source"":""Vietlott""}",[],https://xosominhngoc.net.vn/kqxs-bingo18,rules_available,valid,[],2026-09-11T10:03:10+00:00
bingo18,0185979,2026-09-11,confirmed,"{""digits"":[6,3,1]}","{""data_source"":""xosominhngoc_net_vn"",""has_duplicate"":false,""official_verification_status"":""pending"",""secondary_source_url"":""https://xosominhngoc.net.vn/kqxs-bingo18"",""total"":10,""upstream_claimed_source"":""Vietlott""}",[],https://xosominhngoc.net.vn/kqxs-bingo18,rules_available,valid,[],2026-09-11T10:03:10+00:00
bingo18,0185980,2026-09-11,confirmed,"{""digits"":[4,3,4]}","{""data_source"":""xosominhngoc_net_vn"",""has_duplicate"":true,""official_verification_status"":""pending"",""secondary_source_url"":""https://xosominhngoc.net.vn/kqxs-bingo18"",""total"":11,""upstream_claimed_source"":""Vietlott""}",[],https://xosominhngoc.net.vn/kqxs-bingo18,rules_available,valid,[],2026-09-11T10:03:10+00:00
bingo18,0185981,2026-09-11,confirmed,"{""digits"":[3,5,6]}","{""data_source"":""xosominhngoc_net_vn"",""has_duplicate"":false,""official_verification_status"":""pending"",""secondary_source_url"":""https://xosominhngoc.net.vn/kqxs-bingo18"",""total"":14,""upstream_claimed_source"":""Vietlott""}",[],https://xosominhngoc.net.vn/kqxs-bingo18,rules_available,valid,[],2026-09-11T10:03:10+00:00
bingo18,0185982,2026-09-11,confirmed,"{""digits"":[5,6,4]}","{""data_source"":""xosominhngoc_net_vn"",""has_duplicate"":false,""official_verification_status"":""pending"",""secondary_source_url"":""https://xosominhngoc.net.vn/kqxs-bingo18"",""total"":15,""upstream_claimed_source"":""Vietlott""}",[],https://xosominhngoc.net.vn/kqxs-bingo18,rules_available,valid,[],2026-09-11T10:03:10+00:00
bingo18,0185983,2026-09-11,confirmed,"{""digits"":[3,1,1]}","{""data_source"":""xosominhngoc_net_vn"",""has_duplicate"":true,""official_verification_status"":""pending"",""secondary_source_url"":""https://xosominhngoc.net.vn/kqxs-bingo18"",""total"":5,""upstream_claimed_source"":""Vietlott""}",[],https://xosominhngoc.net.vn/kqxs-bingo18,rules_available,valid,[],2026-09-11T10:03:10+00:00
bingo18,0185984,2026-09-11,confirmed,"{""digits"":[4,2,4]}","{""data_source"":""xosominhngoc_net_vn"",""has_duplicate"":true,""official_verification_status"":""pending"",""secondary_source_url"":""https://xosominhngoc.net.vn/kqxs-bingo18"",""total"":10,""upstream_claimed_source"":""Vietlott""}",[],https://xosominhngoc.net.vn/kqxs-bingo18,rules_available,valid,[],2026-09-11T10:03:10+00:00
bingo18,0185985,2026-09-11,confirmed,"{""digits"":[5,6,6]}","{""data_source"":""xosominhngoc_net_vn"",""has_duplicate"":true,""official_verification_status"":""pending"",""secondary_source_url"":""https://xosominhngoc.net.vn/kqxs-bingo18"",""total"":17,""upstream_claimed_source"":""Vietlott""}",[],https://xosominhngoc.net.vn/kqxs-bingo18,rules_available,valid,[],2026-09-11T10:03:10+00:00
bingo18,0185986,2026-09-11,confirmed,"{""digits"":[3,1,5]}","{""data_source"":""xosominhngoc_net_vn"",""has_duplicate"":false,""official_verification_status"":""pending"",""secondary_source_url"":""https://xosominhngoc.net.vn/kqxs-bingo18"",""total"":9,""upstream_claimed_source"":""Vietlott""}",[],https://xosominhngoc.net.vn/kqxs-bingo18,rules_available,valid,[],2026-09-11T10:03:10+00:00
bingo18,0185987,2026-09-11,confirmed,"{""digits"":[4,6,1]}","{""data_source"":""xosominhngoc_net_vn"",""has_duplicate"":false,""official_verification_status"":""pending"",""secondary_source_url"":""https://xosominhngoc.net.vn/kqxs-bingo18"",""total"":11,""upstream_claimed_source"":""Vietlott""}",[],https://xosominhngoc.net.vn/kqxs-bingo18,rules_available,valid,[],2026-09-11T10:03:10+00:00
bingo18,0185988,2026-09-11,confirmed,"{""digits"":[6,3,4]}","{""data_source"":""xosominhngoc_net_vn"",""has_duplicate"":false,""official_verification_status"":""pending"",""secondary_source_url"":""https://xosominhngoc.net.vn/kqxs-bingo18"",""total"":13,""upstream_claimed_source"":""Vietlott""}",[],https://xosominhngoc.net.vn/kqxs-bingo18,rules_available,valid,[],2026-09-11T10:03:10+00:00
bingo18,0185989,2026-09-11,confirmed,"{""digits"":[3,6,6]}","{""data_source"":""xosominhngoc_net_vn"",""has_duplicate"":true,""official_verification_status"":""pending"",""secondary_source_url"":""https://xosominhngoc.net.vn/kqxs-bingo18"",""total"":15,""upstream_claimed_source"":""Vietlott""}",[],https://xosominhngoc.net.vn/kqxs-bingo18,rules_available,valid,[],2026-09-11T10:03:10+00:00
bingo18,0185990,2026-09-11,confirmed,"{""digits"":[5,5,6]}","{""data_source"":""xosominhngoc_net_vn"",""has_duplicate"":true,""official_verification_status"":""pending"",""secondary_source_url"":""https://xosominhngoc.net.vn/kqxs-bingo18"",""total"":16,""upstream_claimed_source"":""Vietlott""}",[],https://xosominhngoc.net.vn/kqxs-bingo18,rules_available,valid,[],2026-09-11T10:03:10+00:00
bingo18,0186018,2026-09-11,confirmed,"{""digits"":[1,3,2]}","{""data_source"":""xosominhngoc_net_vn"",""has_duplicate"":false,""official_verification_status"":""pending"",""secondary_source_url"":""https://xosominhngoc.net.vn/kqxs-bingo18"",""total"":6,""upstream_claimed_source"":""Vietlott""}",[],https://xosominhngoc.net.vn/kqxs-bingo18,rules_available,valid,[],2026-09-11T14:21:16+00:00
bingo18,0186019,2026-09-11,confirmed,"{""digits"":[4,3,2]}","{""data_source"":""xosominhngoc_net_vn"",""has_duplicate"":false,""official_verification_status"":""pending"",""secondary_source_url"":""https://xosominhngoc.net.vn/kqxs-bingo18"",""total"":9,""upstream_claimed_source"":""Vietlott""}",[],https://xosominhngoc.net.vn/kqxs-bingo18,rules_available,valid,[],2026-09-11T14:21:16+00:00
bingo18,0186020,2026-09-11,confirmed,"{""digits"":[5,6,1]}","{""data_source"":""xosominhngoc_net_vn"",""has_duplicate"":false,""official_verification_status"":""pending"",""secondary_source_url"":""https://xosominhngoc.net.vn/kqxs-bingo18"",""total"":12,""upstream_claimed_source"":""Vietlott""}",[],https://xosominhngoc.net.vn/kqxs-bingo18,rules_available,valid,[],2026-09-11T14:21:16+00:00
bingo18,0186021,2026-09-11,confirmed,"{""digits"":[4,2,6]}","{""data_source"":""xosominhngoc_net_vn"",""has_duplicate"":false,""official_verification_status"":""pending"",""secondary_source_url"":""https://xosominhngoc.net.vn/kqxs-bingo18"",""total"":12,""upstream_claimed_source"":""Vietlott""}",[],https://xosominhngoc.net.vn/kqxs-bingo18,rules_available,valid,[],2026-09-11T14:21:16+00:00
bingo18,0186022,2026-09-11,confirmed,"{""digits"":[3,1,1]}","{""data_source"":""xosominhngoc_net_vn"",""has_duplicate"":true,""official_verification_status"":""pending"",""secondary_source_url"":""https://xosominhngoc.net.vn/kqxs-bingo18"",""total"":5,""upstream_claimed_source"":""Vietlott""}",[],https://xosominhngoc.net.vn/kqxs-bingo18,rules_available,valid,[],2026-09-11T14:21:16+00:00
bingo18,0186023,2026-09-11,confirmed,"{""digits"":[4,5,1]}","{""data_source"":""xosominhngoc_net_vn"",""has_duplicate"":false,""official_verification_status"":""pending"",""secondary_source_url"":""https://xosominhngoc.net.vn/kqxs-bingo18"",""total"":10,""upstream_claimed_source"":""Vietlott""}",[],https://xosominhngoc.net.vn/kqxs-bingo18,rules_available,valid,[],2026-09-11T14:21:16+00:00
bingo18,0186024,2026-09-11,confirmed,"{""digits"":[5,1,2]}","{""data_source"":""xosominhngoc_net_vn"",""has_duplicate"":false,""official_verification_status"":""pending"",""secondary_source_url"":""https://xosominhngoc.net.vn/kqxs-bingo18"",""total"":8,""upstream_claimed_source"":""Vietlott""}",[],https://xosominhngoc.net.vn/kqxs-bingo18,rules_available,valid,[],2026-09-11T14:21:16+00:00
bingo18,0186025,2026-09-11,confirmed,"{""digits"":[6,5,3]}","{""data_source"":""xosominhngoc_net_vn"",""has_duplicate"":false,""official_verification_status"":""pending"",""secondary_source_url"":""https://xosominhngoc.net.vn/kqxs-bingo18"",""total"":14,""upstream_claimed_source"":""Vietlott""}",[],https://xosominhngoc.net.vn/kqxs-bingo18,rules_available,valid,[],2026-09-11T14:21:16+00:00
bingo18,0186026,2026-09-11,confirmed,"{""digits"":[2,3,1]}","{""data_source"":""xosominhngoc_net_vn"",""has_duplicate"":false,""official_verification_status"":""pending"",""secondary_source_url"":""https://xosominhngoc.net.vn/kqxs-bingo18"",""total"":6,""upstream_claimed_source"":""Vietlott""}",[],https://xosominhngoc.net.vn/kqxs-bingo18,rules_available,valid,[],2026-09-11T14:21:16+00:00
bingo18,0186027,2026-09-11,confirmed,"{""digits"":[1,4,6]}","{""data_source"":""xosominhngoc_net_vn"",""has_duplicate"":false,""official_verification_status"":""pending"",""secondary_source_url"":""https://xosominhngoc.net.vn/kqxs-bingo18"",""total"":11,""upstream_claimed_source"":""Vietlott""}",[],https://xosominhngoc.net.vn/kqxs-bingo18,rules_available,valid,[],2026-09-11T14:21:16+00:00
bingo18,0186028,2026-09-11,confirmed,"{""digits"":[3,4,5]}","{""data_source"":""xosominhngoc_net_vn"",""has_duplicate"":false,""official_verification_status"":""pending"",""secondary_source_url"":""https://xosominhngoc.net.vn/kqxs-bingo18"",""total"":12,""upstream_claimed_source"":""Vietlott""}",[],https://xosominhngoc.net.vn/kqxs-bingo18,rules_available,valid,[],2026-09-11T14:21:16+00:00
bingo18,0186029,2026-09-11,confirmed,"{""digits"":[5,5,4]}","{""data_source"":""xosominhngoc_net_vn"",""has_duplicate"":true,""official_verification_status"":""pending"",""secondary_source_url"":""https://xosominhngoc.net.vn/kqxs-bingo18"",""total"":14,""upstream_claimed_source"":""Vietlott""}",[],https://xosominhngoc.net.vn/kqxs-bingo18,rules_available,valid,[],2026-09-11T14:21:16+00:00
bingo18,0186030,2026-09-11,confirmed,"{""digits"":[5,5,2]}","{""data_source"":""xosominhngoc_net_vn"",""has_duplicate"":true,""official_verification_status"":""pending"",""secondary_source_url"":""https://xosominhngoc.net.vn/kqxs-bingo18"",""total"":12,""upstream_claimed_source"":""Vietlott""}",[],https://xosominhngoc.net.vn/kqxs-bingo18,rules_available,valid,[],2026-09-11T14:21:16+00:00
bingo18,0186031,2026-09-11,confirmed,"{""digits"":[5,2,6]}","{""data_source"":""xosominhngoc_net_vn"",""has_duplicate"":false,""official_verification_status"":""pending"",""secondary_source_url"":""https://xosominhngoc.net.vn/kqxs-bingo18"",""total"":13,""upstream_claimed_source"":""Vietlott""}",[],https://xosominhngoc.net.vn/kqxs-bingo18,rules_available,valid,[],2026-09-11T14:21:16+00:00
bingo18,0186032,2026-09-11,confirmed,"{""digits"":[3,5,2]}","{""data_source"":""xosominhngoc_net_vn"",""has_duplicate"":false,""official_verification_status"":""pending"",""secondary_source_url"":""https://xosominhngoc.net.vn/kqxs-bingo18"",""total"":10,""upstream_claimed_source"":""Vietlott""}",[],https://xosominhngoc.net.vn/kqxs-bingo18,rules_available,valid,[],2026-09-11T14:21:16+00:00
bingo18,0186033,2026-09-11,confirmed,"{""digits"":[2,2,2]}","{""data_source"":""xosominhngoc_net_vn"",""has_duplicate"":true,""official_verification_status"":""pending"",""secondary_source_url"":""https://xosominhngoc.net.vn/kqxs-bingo18"",""total"":6,""upstream_claimed_source"":""Vietlott""}",[],https://xosominhngoc.net.vn/kqxs-bingo18,rules_available,valid,[],2026-09-11T17:48:11+00:00
bingo18,0186034,2026-09-11,confirmed,"{""digits"":[6,2,3]}","{""data_source"":""xosominhngoc_net_vn"",""has_duplicate"":false,""official_verification_status"":""pending"",""secondary_source_url"":""https://xosominhngoc.net.vn/kqxs-bingo18"",""total"":11,""upstream_claimed_source"":""Vietlott""}",[],https://xosominhngoc.net.vn/kqxs-bingo18,rules_available,valid,[],2026-09-11T17:48:11+00:00
bingo18,0186035,2026-09-11,confirmed,"{""digits"":[3,4,6]}","{""data_source"":""xosominhngoc_net_vn"",""has_duplicate"":false,""official_verification_status"":""pending"",""secondary_source_url"":""https://xosominhngoc.net.vn/kqxs-bingo18"",""total"":13,""upstream_claimed_source"":""Vietlott""}",[],https://xosominhngoc.net.vn/kqxs-bingo18,rules_available,valid,[],2026-09-11T17:48:11+00:00
bingo18,0186036,2026-09-11,confirmed,"{""digits"":[1,2,6]}","{""data_source"":""xosominhngoc_net_vn"",""has_duplicate"":false,""official_verification_status"":""pending"",""secondary_source_url"":""https://xosominhngoc.net.vn/kqxs-bingo18"",""total"":9,""upstream_claimed_source"":""Vietlott""}",[],https://xosominhngoc.net.vn/kqxs-bingo18,rules_available,valid,[],2026-09-11T17:48:11+00:00
bingo18,0186037,2026-09-11,confirmed,"{""digits"":[6,2,5]}","{""data_source"":""xosominhngoc_net_vn"",""has_duplicate"":false,""official_verification_status"":""pending"",""secondary_source_url"":""https://xosominhngoc.net.vn/kqxs-bingo18"",""total"":13,""upstream_claimed_source"":""Vietlott""}",[],https://xosominhngoc.net.vn/kqxs-bingo18,rules_available,valid,[],2026-09-11T17:48:11+00:00
bingo18,0186038,2026-09-11,confirmed,"{""digits"":[6,3,4]}","{""data_source"":""xosominhngoc_net_vn"",""has_duplicate"":false,""official_verification_status"":""pending"",""secondary_source_url"":""https://xosominhngoc.net.vn/kqxs-bingo18"",""total"":13,""upstream_claimed_source"":""Vietlott""}",[],https://xosominhngoc.net.vn/kqxs-bingo18,rules_available,valid,[],2026-09-11T17:48:11+00:00
bingo18,0186039,2026-09-11,confirmed,"{""digits"":[6,6,6]}","{""data_source"":""xosominhngoc_net_vn"",""has_duplicate"":true,""official_verification_status"":""pending"",""secondary_source_url"":""https://xosominhngoc.net.vn/kqxs-bingo18"",""total"":18,""upstream_claimed_source"":""Vietlott""}",[],https://xosominhngoc.net.vn/kqxs-bingo18,rules_available,valid,[],2026-09-11T17:48:11+00:00
bingo18,0186044,2026-09-12,confirmed,"{""digits"":[3,3,2]}","{""data_source"":""xosominhngoc_net_vn"",""has_duplicate"":true,""official_verification_status"":""pending"",""secondary_source_url"":""https://xosominhngoc.net.vn/kqxs-bingo18"",""total"":8,""upstream_claimed_source"":""Vietlott""}",[],https://xosominhngoc.net.vn/kqxs-bingo18,rules_available,valid,[],2026-09-12T01:03:15+00:00
bingo18,0186045,2026-09-12,confirmed,"{""digits"":[2,6,3]}","{""data_source"":""xosominhngoc_net_vn"",""has_duplicate"":false,""official_verification_status"":""pending"",""secondary_source_url"":""https://xosominhngoc.net.vn/kqxs-bingo18"",""total"":11,""upstream_claimed_source"":""Vietlott""}",[],https://xosominhngoc.net.vn/kqxs-bingo18,rules_available,valid,[],2026-09-12T01:03:15+00:00
bingo18,0186046,2026-09-12,confirmed,"{""digits"":[5,5,6]}","{""data_source"":""xosominhngoc_net_vn"",""has_duplicate"":true,""official_verification_status"":""pending"",""secondary_source_url"":""https://xosominhngoc.net.vn/kqxs-bingo18"",""total"":16,""upstream_claimed_source"":""Vietlott""}",[],https://xosominhngoc.net.vn/kqxs-bingo18,rules_available,valid,[],2026-09-12T01:03:15+00:00
bingo18,0186047,2026-09-12,confirmed,"{""digits"":[1,6,4]}","{""data_source"":""xosominhngoc_net_vn"",""has_duplicate"":false,""official_verification_status"":""pending"",""secondary_source_url"":""https://xosominhngoc.net.vn/kqxs-bingo18"",""total"":11,""upstream_claimed_source"":""Vietlott""}",[],https://xosominhngoc.net.vn/kqxs-bingo18,rules_available,valid,[],2026-09-12T01:03:15+00:00
bingo18,0186048,2026-09-12,confirmed,"{""digits"":[4,2,3]}","{""data_source"":""xosominhngoc_net_vn"",""has_duplicate"":false,""official_verification_status"":""pending"",""secondary_source_url"":""https://xosominhngoc.net.vn/kqxs-bingo18"",""total"":9,""upstream_claimed_source"":""Vietlott""}",[],https://xosominhngoc.net.vn/kqxs-bingo18,rules_available,valid,[],2026-09-12T01:03:15+00:00
bingo18,0186049,2026-09-12,confirmed,"{""digits"":[1,2,6]}","{""data_source"":""xosominhngoc_net_vn"",""has_duplicate"":false,""official_verification_status"":""pending"",""secondary_source_url"":""https://xosominhngoc.net.vn/kqxs-bingo18"",""total"":9,""upstream_claimed_source"":""Vietlott""}",[],https://xosominhngoc.net.vn/kqxs-bingo18,rules_available,valid,[],2026-09-12T01:03:15+00:00
bingo18,0186050,2026-09-12,confirmed,"{""digits"":[2,6,1]}","{""data_source"":""xosominhngoc_net_vn"",""has_duplicate"":false,""official_verification_status"":""pending"",""secondary_source_url"":""https://xosominhngoc.net.vn/kqxs-bingo18"",""total"":9,""upstream_claimed_source"":""Vietlott""}",[],https://xosominhngoc.net.vn/kqxs-bingo18,rules_available,valid,[],2026-09-12T01:03:15+00:00
bingo18,0186051,2026-09-12,confirmed,"{""digits"":[1,5,3]}","{""data_source"":""xosominhngoc_net_vn"",""has_duplicate"":false,""official_verification_status"":""pending"",""secondary_source_url"":""https://xosominhngoc.net.vn/kqxs-bingo18"",""total"":9,""upstream_claimed_source"":""Vietlott""}",[],https://xosominhngoc.net.vn/kqxs-bingo18,rules_available,valid,[],2026-09-12T01:03:15+00:00
bingo18,0186052,2026-09-12,confirmed,"{""digits"":[4,3,6]}","{""data_source"":""xosominhngoc_net_vn"",""has_duplicate"":false,""official_verification_status"":""pending"",""secondary_source_url"":""https://xosominhngoc.net.vn/kqxs-bingo18"",""total"":13,""upstream_claimed_source"":""Vietlott""}",[],https://xosominhngoc.net.vn/kqxs-bingo18,rules_available,valid,[],2026-09-12T01:03:15+00:00
bingo18,0186053,2026-09-12,confirmed,"{""digits"":[4,5,3]}","{""data_source"":""xosominhngoc_net_vn"",""has_duplicate"":false,""official_verification_status"":""pending"",""secondary_source_url"":""https://xosominhngoc.net.vn/kqxs-bingo18"",""total"":12,""upstream_claimed_source"":""Vietlott""}",[],https://xosominhngoc.net.vn/kqxs-bingo18,rules_available,valid,[],2026-09-12T01:03:14+00:00
bingo18,0186054,2026-09-12,confirmed,"{""digits"":[6,6,2]}","{""data_source"":""xosominhngoc_net_vn"",""has_duplicate"":true,""official_verification_status"":""pending"",""secondary_source_url"":""https://xosominhngoc.net.vn/kqxs-bingo18"",""total"":14,""upstream_claimed_source"":""Vietlott""}",[],https://xosominhngoc.net.vn/kqxs-bingo18,rules_available,valid,[],2026-09-12T01:03:14+00:00
bingo18,0186055,2026-09-12,confirmed,"{""digits"":[3,4,3]}","{""data_source"":""xosominhngoc_net_vn"",""has_duplicate"":true,""official_verification_status"":""pending"",""secondary_source_url"":""https://xosominhngoc.net.vn/kqxs-bingo18"",""total"":10,""upstream_claimed_source"":""Vietlott""}",[],https://xosominhngoc.net.vn/kqxs-bingo18,rules_available,valid,[],2026-09-12T01:03:14+00:00
bingo18,0186056,2026-09-12,confirmed,"{""digits"":[3,6,4]}","{""data_source"":""xosominhngoc_net_vn"",""has_duplicate"":false,""official_verification_status"":""pending"",""secondary_source_url"":""https://xosominhngoc.net.vn/kqxs-bingo18"",""total"":13,""upstream_claimed_source"":""Vietlott""}",[],https://xosominhngoc.net.vn/kqxs-bingo18,rules_available,valid,[],2026-09-12T01:03:14+00:00
bingo18,0186057,2026-09-12,confirmed,"{""digits"":[4,1,5]}","{""data_source"":""xosominhngoc_net_vn"",""has_duplicate"":false,""official_verification_status"":""pending"",""secondary_source_url"":""https://xosominhngoc.net.vn/kqxs-bingo18"",""total"":10,""upstream_claimed_source"":""Vietlott""}",[],https://xosominhngoc.net.vn/kqxs-bingo18,rules_available,valid,[],2026-09-12T01:03:14+00:00
bingo18,0186058,2026-09-12,confirmed,"{""digits"":[2,5,5]}","{""data_source"":""xosominhngoc_net_vn"",""has_duplicate"":true,""official_verification_status"":""pending"",""secondary_source_url"":""https://xosominhngoc.net.vn/kqxs-bingo18"",""total"":12,""upstream_claimed_source"":""Vietlott""}",[],https://xosominhngoc.net.vn/kqxs-bingo18,rules_available,valid,[],2026-09-12T01:03:14+00:00
bingo18,0186090,2026-09-12,confirmed,"{""digits"":[2,3,1]}","{""data_source"":""xosominhngoc_net_vn"",""has_duplicate"":false,""official_verification_status"":""pending"",""secondary_source_url"":""https://xosominhngoc.net.vn/kqxs-bingo18"",""total"":6,""upstream_claimed_source"":""Vietlott""}",[],https://xosominhngoc.net.vn/kqxs-bingo18,rules_available,valid,[],2026-09-12T05:40:59+00:00
bingo18,0186091,2026-09-12,confirmed,"{""digits"":[3,3,3]}","{""data_source"":""xosominhngoc_net_vn"",""has_duplicate"":true,""official_verification_status"":""pending"",""secondary_source_url"":""https://xosominhngoc.net.vn/kqxs-bingo18"",""total"":9,""upstream_claimed_source"":""Vietlott""}",[],https://xosominhngoc.net.vn/kqxs-bingo18,rules_available,valid,[],2026-09-12T05:40:59+00:00
bingo18,0186092,2026-09-12,confirmed,"{""digits"":[6,1,1]}","{""data_source"":""xosominhngoc_net_vn"",""has_duplicate"":true,""official_verification_status"":""pending"",""secondary_source_url"":""https://xosominhngoc.net.vn/kqxs-bingo18"",""total"":8,""upstream_claimed_source"":""Vietlott""}",[],https://xosominhngoc.net.vn/kqxs-bingo18,rules_available,valid,[],2026-09-12T05:40:59+00:00
bingo18,0186093,2026-09-12,confirmed,"{""digits"":[4,1,3]}","{""data_source"":""xosominhngoc_net_vn"",""has_duplicate"":false,""official_verification_status"":""pending"",""secondary_source_url"":""https://xosominhngoc.net.vn/kqxs-bingo18"",""total"":8,""upstream_claimed_source"":""Vietlott""}",[],https://xosominhngoc.net.vn/kqxs-bingo18,rules_available,valid,[],2026-09-12T05:40:59+00:00
bingo18,0186094,2026-09-12,confirmed,"{""digits"":[2,6,3]}","{""data_source"":""xosominhngoc_net_vn"",""has_duplicate"":false,""official_verification_status"":""pending"",""secondary_source_url"":""https://xosominhngoc.net.vn/kqxs-bingo18"",""total"":11,""upstream_claimed_source"":""Vietlott""}",[],https://xosominhngoc.net.vn/kqxs-bingo18,rules_available,valid,[],2026-09-12T05:40:59+00:00
bingo18,0186095,2026-09-12,confirmed,"{""digits"":[1,3,3]}","{""data_source"":""xosominhngoc_net_vn"",""has_duplicate"":true,""official_verification_status"":""pending"",""secondary_source_url"":""https://xosominhngoc.net.vn/kqxs-bingo18"",""total"":7,""upstream_claimed_source"":""Vietlott""}",[],https://xosominhngoc.net.vn/kqxs-bingo18,rules_available,valid,[],2026-09-12T05:40:59+00:00
bingo18,0186096,2026-09-12,confirmed,"{""digits"":[3,3,1]}","{""data_source"":""xosominhngoc_net_vn"",""has_duplicate"":true,""official_verification_status"":""pending"",""secondary_source_url"":""https://xosominhngoc.net.vn/kqxs-bingo18"",""total"":7,""upstream_claimed_source"":""Vietlott""}",[],https://xosominhngoc.net.vn/kqxs-bingo18,rules_available,valid,[],2026-09-12T05:40:59+00:00
bingo18,0186097,2026-09-12,confirmed,"{""digits"":[6,5,3]}","{""data_source"":""xosominhngoc_net_vn"",""has_duplicate"":false,""official_verification_status"":""pending"",""secondary_source_url"":""https://xosominhngoc.net.vn/kqxs-bingo18"",""total"":14,""upstream_claimed_source"":""Vietlott""}",[],https://xosominhngoc.net.vn/kqxs-bingo18,rules_available,valid,[],2026-09-12T05:40:59+00:00
bingo18,0186098,2026-09-12,confirmed,"{""digits"":[6,6,1]}","{""data_source"":""xosominhngoc_net_vn"",""has_duplicate"":true,""official_verification_status"":""pending"",""secondary_source_url"":""https://xosominhngoc.net.vn/kqxs-bingo18"",""total"":13,""upstream_claimed_source"":""Vietlott""}",[],https://xosominhngoc.net.vn/kqxs-bingo18,rules_available,valid,[],2026-09-12T05:40:59+00:00
bingo18,0186099,2026-09-12,confirmed,"{""digits"":[5,1,6]}","{""data_source"":""xosominhngoc_net_vn"",""has_duplicate"":false,""official_verification_status"":""pending"",""secondary_source_url"":""https://xosominhngoc.net.vn/kqxs-bingo18"",""total"":12,""upstream_claimed_source"":""Vietlott""}",[],https://xosominhngoc.net.vn/kqxs-bingo18,rules_available,valid,[],2026-09-12T05:40:59+00:00
bingo18,0186100,2026-09-12,confirmed,"{""digits"":[5,4,3]}","{""data_source"":""xosominhngoc_net_vn"",""has_duplicate"":false,""official_verification_status"":""pending"",""secondary_source_url"":""https://xosominhngoc.net.vn/kqxs-bingo18"",""total"":12,""upstream_claimed_source"":""Vietlott""}",[],https://xosominhngoc.net.vn/kqxs-bingo18,rules_available,valid,[],2026-09-12T05:40:59+00:00
bingo18,0186101,2026-09-12,confirmed,"{""digits"":[3,4,4]}","{""data_source"":""xosominhngoc_net_vn"",""has_duplicate"":true,""official_verification_status"":""pending"",""secondary_source_url"":""https://xosominhngoc.net.vn/kqxs-bingo18"",""total"":11,""upstream_claimed_source"":""Vietlott""}",[],https://xosominhngoc.net.vn/kqxs-bingo18,rules_available,valid,[],2026-09-12T05:40:59+00:00
bingo18,0186102,2026-09-12,confirmed,"{""digits"":[6,1,6]}","{""data_source"":""xosominhngoc_net_vn"",""has_duplicate"":true,""official_verification_status"":""pending"",""secondary_source_url"":""https://xosominhngoc.net.vn/kqxs-bingo18"",""total"":13,""upstream_claimed_source"":""Vietlott""}",[],https://xosominhngoc.net.vn/kqxs-bingo18,rules_available,valid,[],2026-09-12T05:40:59+00:00
bingo18,0186103,2026-09-12,confirmed,"{""digits"":[6,5,4]}","{""data_source"":""xosominhngoc_net_vn"",""has_duplicate"":false,""official_verification_status"":""pending"",""secondary_source_url"":""https://xosominhngoc.net.vn/kqxs-bingo18"",""total"":15,""upstream_claimed_source"":""Vietlott""}",[],https://xosominhngoc.net.vn/kqxs-bingo18,rules_available,valid,[],2026-09-12T05:40:59+00:00
bingo18,0186104,2026-09-12,confirmed,"{""digits"":[5,5,4]}","{""data_source"":""xosominhngoc_net_vn"",""has_duplicate"":true,""official_verification_status"":""pending"",""secondary_source_url"":""https://xosominhngoc.net.vn/kqxs-bingo18"",""total"":14,""upstream_claimed_source"":""Vietlott""}",[],https://xosominhngoc.net.vn/kqxs-bingo18,rules_available,valid,[],2026-09-12T05:40:59+00:00
bingo18,0186130,2026-09-12,confirmed,"{""digits"":[2,6,1]}","{""data_source"":""xosominhngoc_net_vn"",""has_duplicate"":false,""official_verification_status"":""pending"",""secondary_source_url"":""https://xosominhngoc.net.vn/kqxs-bingo18"",""total"":9,""upstream_claimed_source"":""Vietlott""}",[],https://xosominhngoc.net.vn/kqxs-bingo18,rules_available,valid,[],2026-09-12T09:36:10+00:00
bingo18,0186131,2026-09-12,confirmed,"{""digits"":[5,1,2]}","{""data_source"":""xosominhngoc_net_vn"",""has_duplicate"":false,""official_verification_status"":""pending"",""secondary_source_url"":""https://xosominhngoc.net.vn/kqxs-bingo18"",""total"":8,""upstream_claimed_source"":""Vietlott""}",[],https://xosominhngoc.net.vn/kqxs-bingo18,rules_available,valid,[],2026-09-12T09:36:10+00:00
bingo18,0186132,2026-09-12,confirmed,"{""digits"":[4,4,3]}","{""data_source"":""xosominhngoc_net_vn"",""has_duplicate"":true,""official_verification_status"":""pending"",""secondary_source_url"":""https://xosominhngoc.net.vn/kqxs-bingo18"",""total"":11,""upstream_claimed_source"":""Vietlott""}",[],https://xosominhngoc.net.vn/kqxs-bingo18,rules_available,valid,[],2026-09-12T09:36:10+00:00
bingo18,0186133,2026-09-12,confirmed,"{""digits"":[3,2,2]}","{""data_source"":""xosominhngoc_net_vn"",""has_duplicate"":true,""official_verification_status"":""pending"",""secondary_source_url"":""https://xosominhngoc.net.vn/kqxs-bingo18"",""total"":7,""upstream_claimed_source"":""Vietlott""}",[],https://xosominhngoc.net.vn/kqxs-bingo18,rules_available,valid,[],2026-09-12T09:36:10+00:00
bingo18,0186134,2026-09-12,confirmed,"{""digits"":[1,3,4]}","{""data_source"":""xosominhngoc_net_vn"",""has_duplicate"":false,""official_verification_status"":""pending"",""secondary_source_url"":""https://xosominhngoc.net.vn/kqxs-bingo18"",""total"":8,""upstream_claimed_source"":""Vietlott""}",[],https://xosominhngoc.net.vn/kqxs-bingo18,rules_available,valid,[],2026-09-12T09:36:10+00:00
bingo18,0186135,2026-09-12,confirmed,"{""digits"":[6,3,2]}","{""data_source"":""xosominhngoc_net_vn"",""has_duplicate"":false,""official_verification_status"":""pending"",""secondary_source_url"":""https://xosominhngoc.net.vn/kqxs-bingo18"",""total"":11,""upstream_claimed_source"":""Vietlott""}",[],https://xosominhngoc.net.vn/kqxs-bingo18,rules_available,valid,[],2026-09-12T09:36:10+00:00
bingo18,0186136,2026-09-12,confirmed,"{""digits"":[3,6,2]}","{""data_source"":""xosominhngoc_net_vn"",""has_duplicate"":false,""official_verification_status"":""pending"",""secondary_source_url"":""https://xosominhngoc.net.vn/kqxs-bingo18"",""total"":11,""upstream_claimed_source"":""Vietlott""}",[],https://xosominhngoc.net.vn/kqxs-bingo18,rules_available,valid,[],2026-09-12T09:36:10+00:00
bingo18,0186137,2026-09-12,confirmed,"{""digits"":[1,6,1]}","{""data_source"":""xosominhngoc_net_vn"",""has_duplicate"":true,""official_verification_status"":""pending"",""secondary_source_url"":""https://xosominhngoc.net.vn/kqxs-bingo18"",""total"":8,""upstream_claimed_source"":""Vietlott""}",[],https://xosominhngoc.net.vn/kqxs-bingo18,rules_available,valid,[],2026-09-12T09:36:10+00:00
bingo18,0186138,2026-09-12,confirmed,"{""digits"":[1,3,3]}","{""data_source"":""xosominhngoc_net_vn"",""has_duplicate"":true,""official_verification_status"":""pending"",""secondary_source_url"":""https://xosominhngoc.net.vn/kqxs-bingo18"",""total"":7,""upstream_claimed_source"":""Vietlott""}",[],https://xosominhngoc.net.vn/kqxs-bingo18,rules_available,valid,[],2026-09-12T09:36:10+00:00
bingo18,0186139,2026-09-12,confirmed,"{""digits"":[4,6,1]}","{""data_source"":""xosominhngoc_net_vn"",""has_duplicate"":false,""official_verification_status"":""pending"",""secondary_source_url"":""https://xosominhngoc.net.vn/kqxs-bingo18"",""total"":11,""upstream_claimed_source"":""Vietlott""}",[],https://xosominhngoc.net.vn/kqxs-bingo18,rules_available,valid,[],2026-09-12T09:36:10+00:00
bingo18,0186140,2026-09-12,confirmed,"{""digits"":[4,4,1]}","{""data_source"":""xosominhngoc_net_vn"",""has_duplicate"":true,""official_verification_status"":""pending"",""secondary_source_url"":""https://xosominhngoc.net.vn/kqxs-bingo18"",""total"":9,""upstream_claimed_source"":""Vietlott""}",[],https://xosominhngoc.net.vn/kqxs-bingo18,rules_available,valid,[],2026-09-12T09:36:10+00:00
bingo18,0186141,2026-09-12,confirmed,"{""digits"":[1,3,6]}","{""data_source"":""xosominhngoc_net_vn"",""has_duplicate"":false,""official_verification_status"":""pending"",""secondary_source_url"":""https://xosominhngoc.net.vn/kqxs-bingo18"",""total"":10,""upstream_claimed_source"":""Vietlott""}",[],https://xosominhngoc.net.vn/kqxs-bingo18,rules_available,valid,[],2026-09-12T09:36:10+00:00
bingo18,0186142,2026-09-12,confirmed,"{""digits"":[6,2,6]}","{""data_source"":""xosominhngoc_net_vn"",""has_duplicate"":true,""official_verification_status"":""pending"",""secondary_source_url"":""https://xosominhngoc.net.vn/kqxs-bingo18"",""total"":14,""upstream_claimed_source"":""Vietlott""}",[],https://xosominhngoc.net.vn/kqxs-bingo18,rules_available,valid,[],2026-09-12T09:36:10+00:00
bingo18,0186143,2026-09-12,confirmed,"{""digits"":[6,6,1]}","{""data_source"":""xosominhngoc_net_vn"",""has_duplicate"":true,""official_verification_status"":""pending"",""secondary_source_url"":""https://xosominhngoc.net.vn/kqxs-bingo18"",""total"":13,""upstream_claimed_source"":""Vietlott""}",[],https://xosominhngoc.net.vn/kqxs-bingo18,rules_available,valid,[],2026-09-12T09:36:10+00:00
bingo18,0186144,2026-09-12,confirmed,"{""digits"":[2,2,6]}","{""data_source"":""xosominhngoc_net_vn"",""has_duplicate"":true,""official_verification_status"":""pending"",""secondary_source_url"":""https://xosominhngoc.net.vn/kqxs-bingo18"",""total"":10,""upstream_claimed_source"":""Vietlott""}",[],https://xosominhngoc.net.vn/kqxs-bingo18,rules_available,valid,[],2026-09-12T09:36:10+00:00
bingo18,0186165,2026-09-12,confirmed,"{""digits"":[3,4,3]}","{""data_source"":""xosominhngoc_net_vn"",""has_duplicate"":true,""official_verification_status"":""pending"",""secondary_source_url"":""https://xosominhngoc.net.vn/kqxs-bingo18"",""total"":10,""upstream_claimed_source"":""Vietlott""}",[],https://xosominhngoc.net.vn/kqxs-bingo18,rules_available,valid,[],2026-09-12T13:10:17+00:00
bingo18,0186166,2026-09-12,confirmed,"{""digits"":[5,5,1]}","{""data_source"":""xosominhngoc_net_vn"",""has_duplicate"":true,""official_verification_status"":""pending"",""secondary_source_url"":""https://xosominhngoc.net.vn/kqxs-bingo18"",""total"":11,""upstream_claimed_source"":""Vietlott""}",[],https://xosominhngoc.net.vn/kqxs-bingo18,rules_available,valid,[],2026-09-12T13:10:17+00:00
bingo18,0186167,2026-09-12,confirmed,"{""digits"":[4,6,1]}","{""data_source"":""xosominhngoc_net_vn"",""has_duplicate"":false,""official_verification_status"":""pending"",""secondary_source_url"":""https://xosominhngoc.net.vn/kqxs-bingo18"",""total"":11,""upstream_claimed_source"":""Vietlott""}",[],https://xosominhngoc.net.vn/kqxs-bingo18,rules_available,valid,[],2026-09-12T13:10:17+00:00
bingo18,0186168,2026-09-12,confirmed,"{""digits"":[4,3,4]}","{""data_source"":""xosominhngoc_net_vn"",""has_duplicate"":true,""official_verification_status"":""pending"",""secondary_source_url"":""https://xosominhngoc.net.vn/kqxs-bingo18"",""total"":11,""upstream_claimed_source"":""Vietlott""}",[],https://xosominhngoc.net.vn/kqxs-bingo18,rules_available,valid,[],2026-09-12T13:10:17+00:00
bingo18,0186169,2026-09-12,confirmed,"{""digits"":[4,3,4]}","{""data_source"":""xosominhngoc_net_vn"",""has_duplicate"":true,""official_verification_status"":""pending"",""secondary_source_url"":""https://xosominhngoc.net.vn/kqxs-bingo18"",""total"":11,""upstream_claimed_source"":""Vietlott""}",[],https://xosominhngoc.net.vn/kqxs-bingo18,rules_available,valid,[],2026-09-12T13:10:17+00:00
bingo18,0186170,2026-09-12,confirmed,"{""digits"":[1,4,5]}","{""data_source"":""xosominhngoc_net_vn"",""has_duplicate"":false,""official_verification_status"":""pending"",""secondary_source_url"":""https://xosominhngoc.net.vn/kqxs-bingo18"",""total"":10,""upstream_claimed_source"":""Vietlott""}",[],https://xosominhngoc.net.vn/kqxs-bingo18,rules_available,valid,[],2026-09-12T13:10:17+00:00
bingo18,0186171,2026-09-12,confirmed,"{""digits"":[6,2,4]}","{""data_source"":""xosominhngoc_net_vn"",""has_duplicate"":false,""official_verification_status"":""pending"",""secondary_source_url"":""https://xosominhngoc.net.vn/kqxs-bingo18"",""total"":12,""upstream_claimed_source"":""Vietlott""}",[],https://xosominhngoc.net.vn/kqxs-bingo18,rules_available,valid,[],2026-09-12T13:10:17+00:00
bingo18,0186172,2026-09-12,confirmed,"{""digits"":[6,1,2]}","{""data_source"":""xosominhngoc_net_vn"",""has_duplicate"":false,""official_verification_status"":""pending"",""secondary_source_url"":""https://xosominhngoc.net.vn/kqxs-bingo18"",""total"":9,""upstream_claimed_source"":""Vietlott""}",[],https://xosominhngoc.net.vn/kqxs-bingo18,rules_available,valid,[],2026-09-12T13:10:17+00:00
bingo18,0186173,2026-09-12,confirmed,"{""digits"":[6,5,3]}","{""data_source"":""xosominhngoc_net_vn"",""has_duplicate"":false,""official_verification_status"":""pending"",""secondary_source_url"":""https://xosominhngoc.net.vn/kqxs-bingo18"",""total"":14,""upstream_claimed_source"":""Vietlott""}",[],https://xosominhngoc.net.vn/kqxs-bingo18,rules_available,valid,[],2026-09-12T13:10:16+00:00
bingo18,0186174,2026-09-12,confirmed,"{""digits"":[1,5,2]}","{""data_source"":""xosominhngoc_net_vn"",""has_duplicate"":false,""official_verification_status"":""pending"",""secondary_source_url"":""https://xosominhngoc.net.vn/kqxs-bingo18"",""total"":8,""upstream_claimed_source"":""Vietlott""}",[],https://xosominhngoc.net.vn/kqxs-bingo18,rules_available,valid,[],2026-09-12T13:10:16+00:00
bingo18,0186175,2026-09-12,confirmed,"{""digits"":[2,1,6]}","{""data_source"":""xosominhngoc_net_vn"",""has_duplicate"":false,""official_verification_status"":""pending"",""secondary_source_url"":""https://xosominhngoc.net.vn/kqxs-bingo18"",""total"":9,""upstream_claimed_source"":""Vietlott""}",[],https://xosominhngoc.net.vn/kqxs-bingo18,rules_available,valid,[],2026-09-12T13:10:16+00:00
bingo18,0186176,2026-09-12,confirmed,"{""digits"":[2,6,5]}","{""data_source"":""xosominhngoc_net_vn"",""has_duplicate"":false,""official_verification_status"":""pending"",""secondary_source_url"":""https://xosominhngoc.net.vn/kqxs-bingo18"",""total"":13,""upstream_claimed_source"":""Vietlott""}",[],https://xosominhngoc.net.vn/kqxs-bingo18,rules_available,valid,[],2026-09-12T13:10:16+00:00
bingo18,0186177,2026-09-12,confirmed,"{""digits"":[1,4,4]}","{""data_source"":""xosominhngoc_net_vn"",""has_duplicate"":true,""official_verification_status"":""pending"",""secondary_source_url"":""https://xosominhngoc.net.vn/kqxs-bingo18"",""total"":9,""upstream_claimed_source"":""Vietlott""}",[],https://xosominhngoc.net.vn/kqxs-bingo18,rules_available,valid,[],2026-09-12T13:10:16+00:00
bingo18,0186178,2026-09-12,confirmed,"{""digits"":[1,2,1]}","{""data_source"":""xosominhngoc_net_vn"",""has_duplicate"":true,""official_verification_status"":""pending"",""secondary_source_url"":""https://xosominhngoc.net.vn/kqxs-bingo18"",""total"":4,""upstream_claimed_source"":""Vietlott""}",[],https://xosominhngoc.net.vn/kqxs-bingo18,rules_available,valid,[],2026-09-12T13:10:16+00:00
bingo18,0186179,2026-09-12,confirmed,"{""digits"":[3,6,5]}","{""data_source"":""xosominhngoc_net_vn"",""has_duplicate"":false,""official_verification_status"":""pending"",""secondary_source_url"":""https://xosominhngoc.net.vn/kqxs-bingo18"",""total"":14,""upstream_claimed_source"":""Vietlott""}",[],https://xosominhngoc.net.vn/kqxs-bingo18,rules_available,valid,[],2026-09-12T13:10:16+00:00
bingo18,0186184,2026-09-12,confirmed,"{""digits"":[4,6,3]}","{""data_source"":""xosominhngoc_net_vn"",""has_duplicate"":false,""official_verification_status"":""pending"",""secondary_source_url"":""https://xosominhngoc.net.vn/kqxs-bingo18"",""total"":13,""upstream_claimed_source"":""Vietlott""}",[],https://xosominhngoc.net.vn/kqxs-bingo18,rules_available,valid,[],2026-09-12T16:19:56+00:00
bingo18,0186185,2026-09-12,confirmed,"{""digits"":[2,4,3]}","{""data_source"":""xosominhngoc_net_vn"",""has_duplicate"":false,""official_verification_status"":""pending"",""secondary_source_url"":""https://xosominhngoc.net.vn/kqxs-bingo18"",""total"":9,""upstream_claimed_source"":""Vietlott""}",[],https://xosominhngoc.net.vn/kqxs-bingo18,rules_available,valid,[],2026-09-12T16:19:56+00:00
bingo18,0186186,2026-09-12,confirmed,"{""digits"":[2,6,2]}","{""data_source"":""xosominhngoc_net_vn"",""has_duplicate"":true,""official_verification_status"":""pending"",""secondary_source_url"":""https://xosominhngoc.net.vn/kqxs-bingo18"",""total"":10,""upstream_claimed_source"":""Vietlott""}",[],https://xosominhngoc.net.vn/kqxs-bingo18,rules_available,valid,[],2026-09-12T16:19:56+00:00
bingo18,0186187,2026-09-12,confirmed,"{""digits"":[5,2,4]}","{""data_source"":""xosominhngoc_net_vn"",""has_duplicate"":false,""official_verification_status"":""pending"",""secondary_source_url"":""https://xosominhngoc.net.vn/kqxs-bingo18"",""total"":11,""upstream_claimed_source"":""Vietlott""}",[],https://xosominhngoc.net.vn/kqxs-bingo18,rules_available,valid,[],2026-09-12T16:19:56+00:00
bingo18,0186188,2026-09-12,confirmed,"{""digits"":[3,3,4]}","{""data_source"":""xosominhngoc_net_vn"",""has_duplicate"":true,""official_verification_status"":""pending"",""secondary_source_url"":""https://xosominhngoc.net.vn/kqxs-bingo18"",""total"":10,""upstream_claimed_source"":""Vietlott""}",[],https://xosominhngoc.net.vn/kqxs-bingo18,rules_available,valid,[],2026-09-12T16:19:56+00:00
bingo18,0186189,2026-09-12,confirmed,"{""digits"":[3,3,4]}","{""data_source"":""xosominhngoc_net_vn"",""has_duplicate"":true,""official_verification_status"":""pending"",""secondary_source_url"":""https://xosominhngoc.net.vn/kqxs-bingo18"",""total"":10,""upstream_claimed_source"":""Vietlott""}",[],https://xosominhngoc.net.vn/kqxs-bingo18,rules_available,valid,[],2026-09-12T16:19:56+00:00
bingo18,0186190,2026-09-12,confirmed,"{""digits"":[5,1,5]}","{""data_source"":""xosominhngoc_net_vn"",""has_duplicate"":true,""official_verification_status"":""pending"",""secondary_source_url"":""https://xosominhngoc.net.vn/kqxs-bingo18"",""total"":11,""upstream_claimed_source"":""Vietlott""}",[],https://xosominhngoc.net.vn/kqxs-bingo18,rules_available,valid,[],2026-09-12T16:19:56+00:00
bingo18,0186191,2026-09-12,confirmed,"{""digits"":[5,4,5]}","{""data_source"":""xosominhngoc_net_vn"",""has_duplicate"":true,""official_verification_status"":""pending"",""secondary_source_url"":""https://xosominhngoc.net.vn/kqxs-bingo18"",""total"":14,""upstream_claimed_source"":""Vietlott""}",[],https://xosominhngoc.net.vn/kqxs-bingo18,rules_available,valid,[],2026-09-12T16:19:56+00:00
bingo18,0186192,2026-09-12,confirmed,"{""digits"":[4,6,4]}","{""data_source"":""xosominhngoc_net_vn"",""has_duplicate"":true,""official_verification_status"":""pending"",""secondary_source_url"":""https://xosominhngoc.net.vn/kqxs-bingo18"",""total"":14,""upstream_claimed_source"":""Vietlott""}",[],https://xosominhngoc.net.vn/kqxs-bingo18,rules_available,valid,[],2026-09-12T16:19:56+00:00
bingo18,0186193,2026-09-12,confirmed,"{""digits"":[1,2,2]}","{""data_source"":""xosominhngoc_net_vn"",""has_duplicate"":true,""official_verification_status"":""pending"",""secondary_source_url"":""https://xosominhngoc.net.vn/kqxs-bingo18"",""total"":5,""upstream_claimed_source"":""Vietlott""}",[],https://xosominhngoc.net.vn/kqxs-bingo18,rules_available,valid,[],2026-09-12T16:19:56+00:00
bingo18,0186194,2026-09-12,confirmed,"{""digits"":[1,5,2]}","{""data_source"":""xosominhngoc_net_vn"",""has_duplicate"":false,""official_verification_status"":""pending"",""secondary_source_url"":""https://xosominhngoc.net.vn/kqxs-bingo18"",""total"":8,""upstream_claimed_source"":""Vietlott""}",[],https://xosominhngoc.net.vn/kqxs-bingo18,rules_available,valid,[],2026-09-12T16:19:56+00:00
bingo18,0186195,2026-09-12,confirmed,"{""digits"":[5,3,5]}","{""data_source"":""xosominhngoc_net_vn"",""has_duplicate"":true,""official_verification_status"":""pending"",""secondary_source_url"":""https://xosominhngoc.net.vn/kqxs-bingo18"",""total"":13,""upstream_claimed_source"":""Vietlott""}",[],https://xosominhngoc.net.vn/kqxs-bingo18,rules_available,valid,[],2026-09-12T16:19:56+00:00
bingo18,0186196,2026-09-12,confirmed,"{""digits"":[5,5,6]}","{""data_source"":""xosominhngoc_net_vn"",""has_duplicate"":true,""official_verification_status"":""pending"",""secondary_source_url"":""https://xosominhngoc.net.vn/kqxs-bingo18"",""total"":16,""upstream_claimed_source"":""Vietlott""}",[],https://xosominhngoc.net.vn/kqxs-bingo18,rules_available,valid,[],2026-09-12T16:19:56+00:00
bingo18,0186197,2026-09-12,confirmed,"{""digits"":[2,4,5]}","{""data_source"":""xosominhngoc_net_vn"",""has_duplicate"":false,""official_verification_status"":""pending"",""secondary_source_url"":""https://xosominhngoc.net.vn/kqxs-bingo18"",""total"":11,""upstream_claimed_source"":""Vietlott""}",[],https://xosominhngoc.net.vn/kqxs-bingo18,rules_available,valid,[],2026-09-12T16:19:56+00:00
bingo18,0186198,2026-09-12,confirmed,"{""digits"":[6,1,1]}","{""data_source"":""xosominhngoc_net_vn"",""has_duplicate"":true,""official_verification_status"":""pending"",""secondary_source_url"":""https://xosominhngoc.net.vn/kqxs-bingo18"",""total"":8,""upstream_claimed_source"":""Vietlott""}",[],https://xosominhngoc.net.vn/kqxs-bingo18,rules_available,valid,[],2026-09-12T16:19:56+00:00
